pl_name,hostname,pl_letter,hd_name,hip_name,tic_id,default_flag,sy_snum,sy_pnum,sy_mnum,pl_orbper,pl_orbsmax,pl_rade,pl_masse,pl_bmasse,pl_dens,pl_orbeccen,pl_insol,pl_eqt,pl_orbincl,st_spectype,st_teff,st_rad,st_mass,st_logg,st_age,st_dens,sy_dist,sizeClass,hygID
YZ Cet b,YZ Cet,b,,HIP 5643,TIC 610210976,1,1,3,0,1.96876,0.01557,,,0.75,,0,,,,M4.5,3056,0.17,0.13,,5,,3.71207,,
GJ 9827 c,WO 9827,c,,HIP 115752,TIC 301289516,1,1,3,0,3.6480957,0.03925,1.241,0.84,0.84,2.42,0,,,88.19,,4340,0.6,0.61,4.66,10,,29.661,,
YZ Cet c,YZ Cet,c,,HIP 5643,TIC 610210976,1,1,3,0,3.06008,0.0209,,,0.98,,0.04,,,,M4.5,3056,0.17,0.13,,5,,3.71207,,
Teegarden's Star b,Teegarden's Star,b,,,TIC 257870150,1,1,2,0,4.91,0.0252,,,1.05,,0,1.15,,,M7.0 V,2904,0.11,0.09,,8,,3.83078,,
Teegarden's Star c,Teegarden's Star,c,,,TIC 257870150,1,1,2,0,11.409,0.0443,,,1.11,,0,0.37,,,M7.0 V,2904,0.11,0.09,,8,,3.83078,,
YZ Cet d,YZ Cet,d,,HIP 5643,TIC 610210976,1,1,3,0,4.65627,0.02764,,,1.14,,0.129,,,,M4.5,3056,0.17,0.13,,5,,3.71207,,
GJ 273 c,GJ 273,c,,HIP 36208,TIC 318686860,1,1,2,0,4.7234,0.036467,,,1.18,,0.17,6.66,,,M3.5,3382,0.29,0.29,,,,5.921535,,
Proxima Cen b,Proxima Cen,b,,HIP 70890,TIC 388857263,1,3,1,0,11.186,0.0485,,,1.27,,0.35,0.65,234,,M5.5 V,3050,0.14,0.12,,,,1.30119,,
GJ 1061 b,GJ 1061,b,,,TIC 79611981,1,1,3,0,3.204,0.021,,,1.37,,0.31,3.8,,,M5.5 V,2953,0.16,0.12,,7,,3.67278,,
Ross 128 b,Ross 128,b,,HIP 57548,TIC 325275315,1,1,1,0,9.8658,0.0496,,,1.4,,0.116,1.38,301,,M4,3192,0.2,0.17,,5,,3.37454,,
GJ 1061 d,GJ 1061,d,,,TIC 79611981,1,1,3,0,13.031,0.054,,,1.64,,0.53,0.6,,,M5.5 V,2953,0.16,0.12,,7,,3.67278,,
GJ 1132 b,GJ 1132,b,,,TIC 101955023,1,1,2,0,1.628931,0.0153,1.13,1.66,1.66,6.3,0.22,,529,,,3270,0.21,0.18,,,,12.613,,
GJ 581 e,GJ 581,e,,HIP 74995,TIC 36853511,1,1,3,0,3.149,0.02815,,,1.7,,0,,,,,3396,0.33,0.31,4.89,,12.2238,6.2981,,
HD 215152 c,HD 215152,c,HD 215152,HIP 112190,TIC 251042502,1,1,4,0,7.28243,0.067393,,,1.72,,0,,,,K3 V,4935,0.73,0.77,4.4,,,21.5974,,
GJ 1061 c,GJ 1061,c,,,TIC 79611981,1,1,3,0,6.689,0.035,,,1.74,,0.29,1.4,,,M5.5 V,2953,0.16,0.12,,7,,3.67278,,
tau Cet g,tau Cet,g,HD 10700,HIP 8102,TIC 419015728,1,1,4,0,20,0.133,,,1.75,,0.06,,,,,,,0.78,,,,3.60304,,
GJ 3138 b,NN 3138,b,,HIP 10037,TIC 632528291,1,1,3,0,1.22003,0.0197,,,1.78,,0.19,118.1,,,M0,3717,0.5,0.68,,,,28.4712,,
NN 3053 c,NN 3053,c,,,TIC 92226327,1,1,2,0,3.777931,0.02675,1.282,1.81,1.81,4.7,0.31,6.16,438,89.92,,3216,0.21,0.18,,5,,14.9861,,
HD 215152 b,HD 215152,b,HD 215152,HIP 112190,TIC 251042502,1,1,4,0,5.75999,0.057638,,,1.819,,0,,,,K3 V,4935,0.73,0.77,4.4,,,21.5974,,
tau Cet h,tau Cet,h,HD 10700,HIP 8102,TIC 419015728,1,1,4,0,49.41,0.243,,,1.83,,0.23,,,,,,,0.78,,,,3.60304,,
GJ 357 b,GJ 357,b,,HIP 47103,TIC 413248763,1,1,3,0,3.93072,0.035,1.217,1.84,1.84,5.6,,12.6,525,89.12,M2.5 V,3505,0.34,0.34,4.94,,13.6,9.44181,,
NN 3473 b,NN 3473,b,,,TIC 452866790,1,1,2,0,1.1980035,0.01589,1.264,1.86,1.86,5.03,0,59.4,773,87.95,,3347,0.36,0.36,4.81,,10.93,27.3644,,
Wolf 1061 b,Wolf 1061,b,,HIP 80824,TIC 413948621,1,1,3,0,4.8869,0.0375,,,1.91,,0.15,7.34,,,M3.5,3342,0.31,0.29,,,,4.30592,,
NN 3323 b,NN 3323,b,,,TIC 43605290,1,1,2,0,5.3636,0.03282,,,2.02,,0.23,2.58,,,M4,3159,0.12,0.16,,,,5.37484,,
GJ 1252 b,GJ 1252,b,,,TIC 370133522,1,1,1,0,0.5182349,0.00916,1.193,2.09,2.09,,0,,1089,85,M3,3458,0.39,0.38,,,,20.373,,
LTT 1445 A b,LTT 1445 A,b,,HIP 14101,TIC 98796344,1,3,1,0,5.35882,0.03807,1.38,2.2,2.2,4.4,0.19,,433,89.4,,3337,0.28,0.26,4.97,,17.3,6.86929,,
HD 158259 b,HD 158259,b,HD 158259,HIP 85268,TIC 188768068,1,1,5,0,2.178,,,,2.22,6.12,,,,,G0,,1.21,1.08,,,,27.0498,,
NN 3323 c,NN 3323,c,,,TIC 43605290,1,1,2,0,40.54,0.1264,,,2.31,,0.17,0.17,,,M4,3159,0.12,0.16,,,,5.37484,,
HD 20794 c,HD 20794,c,HD 20794,HIP 15510,TIC 301051051,1,1,4,0,40.114,0.2036,,,2.4,,0,,508,90,G8 V,5401,,0.7,4.22,5.76,,6.00278,,
GJ 3998 b,NN 3998,b,,HIP 84460,TIC 459558974,1,1,2,0,2.64977,0.029,,,2.47,,0,,,,M1,3722,0.49,0.5,4.77,,,18.1459,,
GJ 1132 c,GJ 1132,c,,,TIC 101955023,1,1,2,0,8.929,0.0476,,,2.64,,0.27,,300,,,3270,0.21,0.18,,,,12.613,,
HD 20794 b,HD 20794,b,HD 20794,HIP 15510,TIC 301051051,1,1,4,0,18.315,0.1207,,,2.7,,0,,660,90,G8 V,5401,,0.7,4.22,5.76,,6.00278,,
GJ 667C e,GJ 667C,e,,,TIC 154385809,1,3,5,0,62.24,0.213,,,2.7,,0.02,,,,M1.5 V,3350,,0.33,4.69,2,,7.24396,,
GJ 667C f,GJ 667C,f,,,TIC 154385809,1,3,5,0,39.026,0.156,,,2.7,,0.03,,,,M1.5 V,3350,,0.33,4.69,2,,7.24396,,
HD 215152 d,HD 215152,d,HD 215152,HIP 112190,TIC 251042502,1,1,4,0,10.86499,0.08799,,,2.801,,0,,,,K3 V,4935,0.73,0.77,4.4,,,21.5974,,
GJ 625 b,GJ 625,b,,HIP 80459,TIC 207492082,1,1,1,0,14.628,0.078361,,,2.82,,0.13,,,,M2,3499,0.31,0.3,4.94,,,6.47249,,
HD 215152 e,HD 215152,e,HD 215152,HIP 112190,TIC 251042502,1,1,4,0,25.1967,0.15417,,,2.877,,0,,,,K3 V,4935,0.73,0.77,4.4,,,21.5974,,
GJ 273 b,GJ 273,b,,HIP 36208,TIC 318686860,1,1,2,0,18.6498,0.091101,,,2.89,,0.1,1.06,,,M3.5,3382,0.29,0.29,,,,5.921535,,
GJ 411 b,GJ 411,b,HD 95735,HIP 54035,TIC 166646191,1,1,1,0,12.9532,0.0785,,,2.99,,0.22,,350,,M1.9,3563,0.39,0.39,,,,5.675773,,
GJ 15 A b,GJ 15 A,b,HD 1326 A,HIP 1475,TIC 440109725,1,2,2,0,11.4407,0.072,,,3.03,,0.094,,,,M1,3607,0.38,0.38,4.87,,,3.56228,,
HD 85512 b,HD 85512,b,HD 85512,HIP 48331,TIC 35055332,1,1,1,0,58.43,0.26,,,3.1783,,0.11,,,,,4300,0.71,0.43,4.36,,,11.281,,
NN 3293 e,NN 3293,e,,,TIC 178872239,1,1,4,0,13.2543,0.08208,,,3.28,,0.21,3.34,,,M2.5,3466,0.4,0.42,,,,20.1903,,
GJ 357 c,GJ 357,c,,HIP 47103,TIC 413248763,1,1,3,0,9.1247,0.061,,,3.4,,,4.45,401,,M2.5 V,3505,0.34,0.34,4.94,,13.6,9.44181,,
Wolf 1061 c,Wolf 1061,c,,HIP 80824,TIC 413948621,1,1,3,0,17.8719,0.089,,,3.41,,0.11,1.3,,,M3.5,3342,0.31,0.29,,,,4.30592,,
HD 21749 c,GJ 143,c,HD 21749,HIP 16069,TIC 279741379,1,1,2,0,7.78993,0.0695,0.892,3.7,3.7,31.93,,,701,88.9,K4.5,4640,0.69,0.73,4.61,3.8,3.03,16.32,,
GJ 667C c,GJ 667C,c,,,TIC 154385809,1,3,5,0,28.14,0.125,,,3.8,,0.02,,,,M1.5 V,3350,,0.33,4.69,2,,7.24396,,
tau Cet f,tau Cet,f,HD 10700,HIP 8102,TIC 419015728,1,1,4,0,636.13,1.334,,,3.93,,0.16,,,,,,,0.78,,,,3.60304,,
tau Cet e,tau Cet,e,HD 10700,HIP 8102,TIC 419015728,1,1,4,0,162.87,0.538,,,3.93,,0.18,,,,,,,0.78,,,,3.60304,,
HD 164922 d,HD 164922,d,HD 164922,HIP 88348,TIC 159019691,1,1,3,0,12.458,0.103,,,4,,0.12,,,,,5390,0.95,0.93,4.46,9.58,,22.0016,,
HD 40307 b,HD 40307,b,HD 40307,HIP 27887,TIC 374859347,1,1,5,0,4.3123,0.0468,,,4,,0.2,,,,K2.5 V,4956,,0.77,4.47,4.5,,12.9363,,
GJ 9827 d,WO 9827,d,,HIP 115752,TIC 301289516,1,1,3,0,6.2014698,0.05591,2.022,4.04,4.04,2.69,0,,,87.443,,4340,0.6,0.61,4.66,10,,29.661,,
HD 156668 b,HD 156668,b,HD 156668,HIP 84607,TIC 257715493,1,1,1,0,4.6455,0.05,,,4.15,,0,,,,,4850,0.72,0.77,4.6,8.6,,24.3323,,
GJ 3138 c,NN 3138,c,,HIP 10037,TIC 632528291,1,1,3,0,5.974,0.057,,,4.18,,0.11,13.9,,,M0,3717,0.5,0.68,,,,28.4712,,
HD 219134 c,HD 219134,c,HD 219134,HIP 114622,TIC 283722336,1,1,6,0,6.76458,0.0653,1.511,4.36,4.36,6.95,0.062,62.1,782,87.28,,4699,0.78,0.81,4.57,11,2.438,6.53127,,
GJ 682 b,GJ 682,b,,HIP 86214,TIC 16909043,1,1,2,0,17.478,0.08,,,4.4,,0.08,,,,M3.5 V,3028,,0.27,,,,5.00671,,
GJ 676 A d,GJ 676 A,d,,HIP 85647,TIC 369021303,1,2,4,0,3.6005,,,,4.4,,0.262,,,,,,,,,,,16.0272,,
GJ 667C g,GJ 667C,g,,,TIC 154385809,1,3,5,0,256.2,0.549,,,4.6,,0.08,,,,M1.5 V,3350,,0.33,4.69,2,,7.24396,,
L 168-9 b,L 168-9,b,,HIP 115211,TIC 234994474,1,1,1,0,1.4015,0.02091,1.39,4.6,4.6,9.6,0.21,,965,85.5,M1 V,3800,0.6,0.62,4.04,,,25.1496,,
HD 219134 b,HD 219134,b,HD 219134,HIP 114622,TIC 283722336,1,1,6,0,3.092926,0.03876,1.602,4.74,4.74,6.34,0,176.2,1015,85.05,,4699,0.78,0.81,4.57,11,2.438,6.53127,,
HD 20794 e,HD 20794,e,HD 20794,HIP 15510,TIC 301051051,1,1,4,0,147.02,0.509,,,4.77,,0.29,,,,G8,,,0.81,,,,6.00278,,
HD 20794 d,HD 20794,d,HD 20794,HIP 15510,TIC 301051051,1,1,4,0,90.309,0.3499,,,4.8,,0,,388,90,G8 V,5401,,0.7,4.22,5.76,,6.00278,,
HD 136352 b,HD 136352,b,HD 136352,HIP 75181,TIC 136916387,1,1,3,0,11.5824,0.0934,,,4.81,,0.14,,,,G4 V,5664,,0.81,4.39,,,14.682,,
pi Men c,HD 39091,c,HD 39091,HIP 26394,TIC 261136679,1,1,2,0,6.2679,0.06839,2.042,4.82,4.82,2.97,0,309,1170,87.456,G0 V,6037,1.1,1.09,4.42,2.98,1.148,18.2702,,
GJ 9827 b,WO 9827,b,,HIP 115752,TIC 301289516,1,1,3,0,1.2089819,0.0188,1.577,4.91,4.91,6.93,0,,,86.07,,4340,0.6,0.61,4.66,10,,29.661,,
61 Vir b,61 Vir,b,HD 115617,HIP 64924,TIC 422478973,1,1,3,0,4.215,0.050201,,,5.1,,0.12,,,,G5 V,5577,0.96,0.94,4.34,8.96,,8.50332,,
HD 40307 f,HD 40307,f,HD 40307,HIP 27887,TIC 374859347,1,1,5,0,51.76,0.247,,,5.2,,0.02,,,,K2.5 V,4956,,0.77,4.47,4.5,,12.9363,,
GJ 433 d,GJ 433,d,,HIP 56528,TIC 57654763,1,1,3,0,36.059,0.178,,,5.223,,0.07,,,,,,,0.48,,,,9.06456,,
GJ 536 b,GJ 536,b,HD 122303,HIP 68469,TIC 119147875,1,1,1,0,8.7076,0.06661,,,5.36,,0.08,,,,M1 V,3685,0.5,0.52,4.75,,,10.4092,,
GJ 832 c,GJ 832,c,HD 204961,HIP 106440,TIC 139754153,1,1,2,0,35.68,0.163,,,5.4,,0.18,,,,,3472,,0.45,4.7,,,4.96435,,
HD 158259 d,HD 158259,d,HD 158259,HIP 85268,TIC 188768068,1,1,5,0,5.1980814,,,,5.41,,,,,,G0,,1.21,1.08,,,,27.0498,,
GJ 581 c,GJ 581,c,,HIP 74995,TIC 36853511,1,1,3,0,12.914,0.0721,,,5.5,,0,,,,,3396,0.33,0.31,4.89,,12.2238,6.2981,,
HD 1461 c,HD 1461,c,HD 1461,HIP 1499,TIC 37748347,1,1,2,0,13.5052,0.1117,,,5.59,,0.305,,,,G0 V,5765,,1.02,4.38,,,23.4534,,
GJ 667C b,GJ 667C,b,,,TIC 154385809,1,3,5,0,7.2004,0.0505,,,5.6,,0.13,,,,M1.5 V,3350,,0.33,4.69,2,,7.24396,,
HD 158259 c,HD 158259,c,HD 158259,HIP 85268,TIC 188768068,1,1,5,0,3.432,,,,5.6,,,,,,G0,,1.21,1.08,,,,27.0498,,
Gl 49 b,Gl 49,b,,HIP 4872,TIC 256419669,1,2,1,0,13.8508,0.0905,,,5.63,,0.363,,,,M1.5 V,3805,0.51,0.52,4.69,,,9.8528,,
HD 176986 b,HD 176986,b,HD 176986,HIP 93540,TIC 39554091,1,1,2,0,6.4898,0.06296,,,5.74,,0.066,83.5,,,K2.5 V,4931,0.78,0.79,4.44,4.3,,27.7843,,
GJ 433 b,GJ 433,b,,HIP 56528,TIC 57654763,1,1,3,0,7.3705,0.062,,,6.043,,0.04,,,,,,,0.48,,,,9.06456,,
HD 158259 e,HD 158259,e,HD 158259,HIP 85268,TIC 188768068,1,1,5,0,7.951,,,,6.08,,,,,,G0,,1.21,1.08,,,,27.0498,,
GJ 357 d,GJ 357,d,,HIP 47103,TIC 413248763,1,1,3,0,55.661,0.204,,,6.1,,,0.38,220,,M2.5 V,3505,0.34,0.34,4.94,,13.6,9.44181,,
HD 158259 f,HD 158259,f,HD 158259,HIP 85268,TIC 188768068,1,1,5,0,12.028,,,,6.14,,,,,,G0,,1.21,1.08,,,,27.0498,,
GJ 3998 c,NN 3998,c,,HIP 84460,TIC 459558974,1,1,2,0,13.74,0.089,,,6.26,,0.049,,,,M1,3722,0.49,0.5,4.77,,,18.1459,,
GJ 1214 b,GJ 1214,b,,,TIC 467929202,1,1,1,0,1.58040456,0.01411,2.847,6.26125,6.26125,1.49,,,,88.17,,3026,0.22,0.15,4.94,,,14.6427,,
HD 125595 b,HD 125595,b,HD 125595,HIP 70170,TIC 180030300,1,1,1,0,9.6737,0.08,,,6.3566,,0,,,,,4691,0.74,0.29,4.17,,,28.1989,,
HD 7924 b,HD 7924,b,HD 7924,HIP 6379,TIC 468723402,1,1,3,0,5.39792,0.06,,,6.3566,,0.06,,,,,5131,0.78,0.65,4.46,,,16.9922,,
HIP 57274 b,HIP 57274,b,,HIP 57274,TIC 5078530,1,1,3,0,8.1352,0.07,,,6.3566,,0.19,,,,,4510,0.78,0.29,4.11,,,25.8618,,
HD 181433 b,HD 181433,b,HD 181433,HIP 95467,TIC 410399074,1,1,3,0,9.3743,0.08,,,6.3566,,0.4,,,,,4918,0.79,0.63,4.45,,,26.8762,,
GJ 180 c,GJ 180,c,,HIP 22762,TIC 246902275,1,1,3,0,24.329,0.129,,,6.4,,0.09,,,,M2 V,3371,,0.43,,,,11.9407,,
HD 1461 b,HD 1461,b,HD 1461,HIP 1499,TIC 37748347,1,1,2,0,5.77152,0.0634,,,6.44,,0.172,,,,G0 V,5765,,1.02,4.38,,,23.4534,,
HD 7924 d,HD 7924,d,HD 7924,HIP 6379,TIC 468723402,1,1,3,0,24.451,0.1551,,,6.44,,0.21,15.17,499,,K0.5 V,5075,0.78,0.83,4.59,,,16.9922,,
GJ 180 b,GJ 180,b,,HIP 22762,TIC 246902275,1,1,3,0,17.133,0.092,,,6.49,,0.07,,,,,,,0.43,,,,11.9407,,
HD 40307 c,HD 40307,c,HD 40307,HIP 27887,TIC 374859347,1,1,5,0,9.6184,0.0799,,,6.6,,0.06,,,,K2.5 V,4956,,0.77,4.47,4.5,,12.9363,,
NN 3341 b,NN 3341,b,,,TIC 77897915,1,1,1,0,14.207,0.089,,,6.6,,0.31,,,,M2.5,3526,0.44,0.47,,,,23.619,,
Gl 686 b,Gl 686,b,,HIP 86287,TIC 230241767,1,1,1,0,15.5314,0.0917,,,6.64,,0.077,,,,M1.0 V,3654,0.43,0.43,4.88,,,8.15728,,
GJ 163 c,GJ 163,c,,HIP 19394,TIC 219221189,1,1,3,0,25.63058,0.1254,,,6.8,,0.099,,,,,,,,,,,15.1285,,
GJ 876 d,GJ 876,d,,HIP 113020,TIC 188580272,1,1,4,0,1.93778,0.020807,,6.83,6.83,,0.207,,,59,,,0.3,0.32,,1,,4.67517,,
NN 3053 b,NN 3053,b,,,TIC 92226327,1,1,2,0,24.736959,0.0936,1.727,6.98,6.98,7.5,0.06,0.5,235,89.89,,3216,0.21,0.18,,5,,14.9861,,
Kapteyn c,Kapteyn,c,HD 33793,HIP 24186,TIC 200385493,1,1,1,0,121.54,0.311,,,7,,0.23,,,,,3550,0.29,0.28,,,,3.93305,,
HD 40307 g,HD 40307,g,HD 40307,HIP 27887,TIC 374859347,1,1,5,0,197.8,0.6,,,7.1,,0.29,,,,K2.5 V,4956,,0.77,4.47,4.5,,12.9363,,
GJ 3942 b,NN 3942,b,,HIP 79126,TIC 162494287,1,1,1,0,6.905,0.0608,,,7.14,,0.121,,590,,M0,3867,0.61,0.63,4.65,,,16.9287,,
GJ 229 A c,GJ 229,c,HD 42581,HIP 29295,TIC 124279525,1,2,2,0,121.995,0.339,,,7.268,,0.19,,,,,,,0.58,,,,5.75624,,
HD 219134 f,HD 219134,f,HD 219134,HIP 114622,TIC 283722336,1,1,6,0,22.717,0.1463,1.31,7.3,7.3,,0.148,12.38,523,,,4699,0.78,0.81,4.57,11,2.438,6.53127,,
GJ 1265 b,GJ 1265,b,,,TIC 471012766,1,1,1,0,3.6511,0.026,,,7.4,,0.04,,,,M4.5 V,3236,0.19,0.18,5.09,,,10.2525,,
NN 3473 c,NN 3473,c,,,TIC 452866790,1,1,2,0,15.509,0.0876,,,7.41,,0,1.95,329,,,3347,0.36,0.36,4.81,,10.93,27.3644,,
GJ 180 d,GJ 180,d,,HIP 22762,TIC 246902275,1,1,3,0,106.3,0.309,,,7.56,,0.14,,,,,,,0.43,,,,11.9407,,
NN 3293 d,NN 3293,d,,,TIC 178872239,1,1,4,0,48.1345,0.19394,,,7.6,,0.12,0.59,,,M2.5,3466,0.4,0.42,,,,20.1903,,
Wolf 1061 d,Wolf 1061,d,,HIP 80824,TIC 413948621,1,1,3,0,217.21,0.47,,,7.7,,0.55,0.06,,,M3.5,3342,0.31,0.29,,,,4.30592,,
HD 7924 c,HD 7924,c,HD 7924,HIP 6379,TIC 468723402,1,1,3,0,15.299,0.1134,,,7.86,,0.098,28.35,584,,K0.5 V,5075,0.78,0.83,4.59,,,16.9922,,
NN 3779 b,NN 3779,b,,,TIC 459826435,1,1,1,0,3.0232,0.026,,,8,,0.07,,,,M4.0 V,3324,0.28,0.27,5.05,,,13.743,,
55 Cnc e,55 Cnc,e,HD 75732,HIP 43587,TIC 332064670,1,2,5,0,0.736539,0.01544,1.91,8.08,8.08,6.4,,,,83.3,,5250,0.96,0.9,4.42,,1.4185,12.5855,,
GJ 676 A e,GJ 676 A,e,,HIP 85647,TIC 369021303,1,2,4,0,35.39,,,,8.1,,0.125,,,,,,,,,,,16.0272,,
GJ 3082 b,NN 3082,b,,HIP 5812,TIC 206548902,1,1,1,0,11.949,0.079,,,8.2,,0.22,,,,,,,0.47,,,,16.6186,,
HD 285968 b,HD 285968,b,HD 285968,HIP 21932,TIC 397354290,1,1,1,0,8.7836,0.066,,,8.4,,0,,450,,M2 V,,,0.5,,,,9.47045,,
NN 3634 b,NN 3634,b,,,TIC 49064384,1,1,1,0,2.64561,0.0287,,8.4,8.4,,0.08,,,59,M2.5,,0.43,0.45,,5,,20.3779,,
HD 26965 b,HD 26965,b,HD 26965,HIP 19849,TIC 67772871,1,3,1,0,42.378,,,,8.47,,0.04,,,,K0 V,5072,0.87,0.78,4.45,6.9,,5.03545,,
GJ 229 b,GJ 229,b,HD 42581,HIP 29295,TIC 124279525,1,2,2,0,526.115,0.898,,,8.478,,0.1,,,,,,,0.58,,,,5.75624,,
BD-06 1339 b,BD-06 1339,b,,HIP 27803,TIC 66914642,1,1,2,0,3.8728,0.0428,,,8.5,,0,,,,K7/M0 V,4324,,0.7,4.74,4.4,,20.2695,,
HD 39855 b,HD 39855,b,HD 39855,HIP 27922 A,TIC 160301040,1,1,1,0,3.2498,0.041,,,8.5,,0.14,,,,G8 V,5576,,0.87,,,,23.2599,,
HD 136352 d,HD 136352,d,HD 136352,HIP 75181,TIC 136916387,1,1,3,0,107.5983,0.4128,,,8.58,,0.09,,,,G4 V,5664,,0.81,4.39,,,14.682,,
HIP 54373 b,HIP 54373,b,,HIP 54373,TIC 410407964,1,1,2,0,7.76,0.063,,,8.62,,0.2,,,,K5 V,4021,,0.57,,,,18.7168,,
LHS 1815 b,LHS 1815,b,,HIP 28754,TIC 260004324,1,1,1,0,3.81433,0.0404,1.088,8.7,8.7,,0,,617,88.125,M1,3643,0.5,0.5,4.77,,5.6,29.8424,,
GJ 682 c,GJ 682,c,,HIP 86214,TIC 16909043,1,1,2,0,57.32,0.176,,,8.7,,0.1,,,,M3.5 V,3028,,0.27,,,,5.00671,,
HD 45184 c,HD 45184,c,HD 45184,HIP 30503,TIC 49831913,1,1,2,0,13.1354,0.11,,,8.81,,0.07,,,,G1.5 V,5869,,1.03,4.47,,,21.9532,,
GJ 685 b,GJ 685,b,,HIP 86087,TIC 219780306,1,1,1,0,24.16,0.1344,,,9,,0,,,,M0.5,3816,0.54,0.55,4.72,,,14.3155,,
HD 176986 c,HD 176986,c,HD 176986,HIP 93540,TIC 39554091,1,1,2,0,16.8191,0.11878,,,9.18,,0.111,23.5,,,K2.5 V,4931,0.78,0.79,4.44,4.3,,27.7843,,
HD 40307 d,HD 40307,d,HD 40307,HIP 27887,TIC 374859347,1,1,5,0,20.432,0.1321,,,9.5,,0.07,,,,K2.5 V,4956,,0.77,4.47,4.5,,12.9363,,
HD 97658 b,HD 97658,b,HD 97658,HIP 54906,TIC 82308728,1,1,1,0,9.4909,,2.354,9.5349,9.5349,,0.06,,,89.45,,5175,0.74,0.89,4.49,,3.06,21.5618,,
HD 134060 b,HD 134060,b,HD 134060,HIP 74273,TIC 454901855,1,1,2,0,3.2696,0.0444,,,10.1,,0.45,,,,G3 IV,5966,,1.09,4.43,,,24.0125,,
GJ 160.2 b,GJ 160.2,b,,HIP 19165,TIC 178351350,1,1,1,0,5.2354,0.053,,,10.2,,0.06,,,,M0 V,4347,,0.69,,,,25.8557,,
HD 69830 b,HD 69830,b,HD 69830,HIP 40693,TIC 307624961,1,1,3,0,8.667,0.0785,,,10.2,,0.1,,,,,5385,,0.86,,7,,12.5591,,
GJ 338 B b,GJ 338 B,b,HD 79211,HIP 120005,TIC 251078597,1,2,1,0,24.45,0.141,,,10.27,,0.11,,391,,M0.0 V,4005,0.58,0.64,4.68,4,,6.33256,,
GJ 3138 d,NN 3138,d,,HIP 10037,TIC 632528291,1,1,3,0,257.8,0.698,,,10.5,,0.32,0.1,,,M0,3717,0.5,0.68,,,,28.4712,,
HD 160691 d,HD 160691,d,HD 160691,HIP 86796,TIC 362661163,1,1,4,0,9.6386,0.09094,,,10.5547,,0.172,,,,,,,1.08,,6.4,,15.5981,,
GJ 163 b,GJ 163,b,,HIP 19394,TIC 219221189,1,1,3,0,8.63182,0.0607,,,10.6,,0.073,,,,,,,,,,,15.1285,,
HD 136352 c,HD 136352,c,HD 136352,HIP 75181,TIC 136916387,1,1,3,0,27.5821,0.1666,,,10.8,,0.04,,,,G4 V,5664,,0.81,4.39,,,14.682,,
HD 219134 g,HD 219134,g,HD 219134,HIP 114622,TIC 283722336,1,1,6,0,94.2,0.3753,,,10.80622,,0,,,,K3 V,4913,0.77,0.79,4.51,12.46,,6.53127,,
GJ 422 b,GJ 422,b,HD 304043,HIP 55042,TIC 450545735,1,1,1,0,20.129,0.111,,,11.07,,0.11,,,,,,,0.35,,,,12.6631,,
GJ 674 b,GJ 674,b,,HIP 85523,TIC 218263393,1,1,1,0,4.6938,0.039,,,11.09,,0.2,,,,M2.5,3600,,0.35,,0.55,,4.54896,,
HD 103949 b,HD 103949,b,HD 103949,HIP 58374,TIC 428657118,1,1,1,0,120.878,0.439,,,11.2,,0.19,,,,K3 V,4792,,0.77,,,,26.4997,,
HD 69830 c,HD 69830,c,HD 69830,HIP 40693,TIC 307624961,1,1,3,0,31.56,0.186,,,11.8,,0.13,,,,,5385,,0.86,,7,,12.5591,,
HD 45184 b,HD 45184,b,HD 45184,HIP 30503,TIC 49831913,1,1,2,0,5.8854,0.0644,,,12.19,,0.07,,,,G1.5 V,5869,,1.03,4.47,,,21.9532,,
HD 180617 b,HD 180617,b,HD 180617,HIP 94761,TIC 176188045,1,2,1,0,105.9,0.3357,,,12.2,,0.16,,,,M2.5 V,3557,0.45,0.45,4.86,,,5.91059,,
HIP 54373 c,HIP 54373,c,,HIP 54373,TIC 410407964,1,1,2,0,15.144,0.099,,,12.44,,0.2,,,,K5 V,4021,,0.57,,,,18.7168,,
GJ 27.1 b,GJ 27.1,b,,HIP 3143,TIC 80417903,1,1,1,0,15.819,0.101,,,13,,0.08,,,,M0.5 V,3542,,0.53,,,,23.6062,,
HD 164922 c,HD 164922,c,HD 164922,HIP 88348,TIC 159019691,1,1,3,0,75.74,0.341,,,13,,0.12,,,,,5390,0.95,0.93,4.46,9.58,,22.0016,,
HD 211970 b,HD 211970,b,HD 211970,HIP 110443,TIC 231704229,1,1,1,0,25.201,0.143,,,13,,0.15,,,,K7 V,4127,,0.61,,,,13.1277,,
Gl 378 b,Gl 378,b,,HIP 49189,TIC 252470070,1,1,1,0,3.822,0.039435,,,13.02,,0.109,,830,,M1,3879,0.56,0.56,,,,14.9545,,
NN 3470 b,NN 3470,b,,,TIC 19028197,1,1,1,0,3.3366496,0.0355,4.57,13.9,13.9,0.8,,,594,89.13,,3600,0.55,0.54,4.7,,3.3,29.4214,,
HD 42618 b,HD 42618,b,HD 42618,HIP 29432,TIC 153289168,1,1,1,0,149.61,0.554,,,14.4,,0.19,3.16,337,,G4 V,5727,1,1.01,4.44,,,24.3358,,
GJ 876 e,GJ 876,e,,HIP 113020,TIC 188580272,1,1,4,0,124.26,0.3343,,14.6,14.6,,0.055,,,59,,,0.3,0.32,,1,,4.67517,,
HD 177565 b,HD 177565,b,HD 177565,HIP 93858,TIC 254147274,1,1,1,0,44.505,0.246,,,15.1,,0.0593,,,,,,,1,,,,16.9179,,
BD-11 4672 c,BD-11 4672,c,,HIP 90979,TIC 217831699,1,1,2,0,74.2,0.3,,,15.37,,0.4,,,,,4550,0.64,0.65,4.64,7.4,3.53,27.1665,,
GJ 581 b,GJ 581,b,,HIP 74995,TIC 36853511,1,1,3,0,5.3686,0.04061,,,15.8,,0,,,,,3396,0.33,0.31,4.89,,12.2238,6.2981,,
HD 4308 b,HD 4308,b,HD 4308,HIP 3497,TIC 234501204,1,1,1,0,15.56,0.12,,,15.8915,,0,,,,,5686,1.02,0.93,4.39,,,22.0158,,
HD 102365 b,HD 102365,b,HD 102365,HIP 57443,TIC 454082369,1,2,1,0,122.1,0.46,,,16,,0.34,,,,,5630,,0.85,4.57,9,,9.2894,,
GJ 687 c,GJ 687,c,,HIP 86162,TIC 233193964,1,1,2,0,727.562,1.165,,,16,,0.4,,,,,,,0.4,,,,4.54939,,
HD 164595 b,HD 164595,b,HD 164595,HIP 88194,TIC 158917706,1,2,1,0,40,0.23,,,16.14,,0.088,,,,G2 V,5790,,0.99,4.44,,,28.254,,
HD 219134 d,HD 219134,d,HD 219134,HIP 114622,TIC 283722336,1,1,6,0,46.859,0.237,1.61,16.17,16.17,,0.138,4.72,410,,,4699,0.78,0.81,4.57,11,2.438,6.53127,,
NN 4276 b,NN 4276,b,,,TIC 428238233,1,1,1,0,13.352,0.082,,,16.57,,0.37,,,,M4.0,3387,0.41,0.41,4.97,6.9,,21.3362,,
HD 192310 b,HD 192310,b,HD 192310,HIP 99825,TIC 326096771,1,1,2,0,74.72,0.32,,,16.9,,0.13,,355,90,,5166,,0.8,4.51,7.81,,8.79687,,
GJ 687 b,GJ 687,b,,HIP 86162,TIC 233193964,1,1,2,0,38.142,0.163,,,17.2,,0.17,,,,,,,0.4,,,,4.54939,,
HD 64114 b,HD 64114,b,HD 64114,HIP 38392,TIC 36021583,1,1,1,0,45.791,0.246,,,17.8,,0.12,,,,G7 V,5676,,0.95,,,,31.5262,,
HD 90156 b,HD 90156,b,HD 90156,HIP 50921,TIC 193032655,1,1,1,0,49.77,0.25,,,17.98,,0.31,,,,,5599,,0.84,4.48,4.4,,21.9496,,
HD 69830 d,HD 69830,d,HD 69830,HIP 40693,TIC 307624961,1,1,3,0,197,0.63,,,18.1,,0.07,,,,,5385,,0.86,,7,,12.5591,,
61 Vir c,61 Vir,c,HD 115617,HIP 64924,TIC 422478973,1,1,3,0,38.021,0.2175,,,18.2,,0.14,,,,G5 V,5577,0.96,0.94,4.34,8.96,,8.50332,,
HD 190360 c,HD 190360,c,HD 190360,HIP 98767,TIC 105999792,1,2,2,0,17.111,0.1304,,,19.069,,0.237,,,,,5549,1.17,0.98,4.29,,0.867,16.0069,,
GJ 96 b,GJ 96,b,,HIP 11048,TIC 409527090,1,1,1,0,73.94,0.291,,,19.66,,0.44,,,,M2,3785,,0.6,,,,11.9315,,
NN 3293 c,NN 3293,c,,,TIC 178872239,1,1,4,0,122.6196,0.36175,,,21.09,,0.11,0.17,,,M2.5,3466,0.4,0.42,,,,20.1903,,
GJ 436 b,GJ 436,b,,HIP 57087,TIC 138819293,1,1,1,0,2.64388312,0.0291,4.17,22.1,22.1,1.8,0.13827,,,86.44,,,0.46,0.47,4.79,,7,9.75321,,
HD 16417 b,HD 16417,b,HD 16417,HIP 12186,TIC 122555698,1,2,1,0,17.24,0.14,,,22.1,,0.2,,,,G1 V,,,1.2,,,,25.3936,,
HD 99492 b,HD 99492,b,HD 99492,HIP 55848,TIC 363549734,1,2,1,0,17.0431,0.12,,,22.2481,,0.25,,,,,4815,0.83,0.48,4.28,,,18.2038,,
GJ 143 b,GJ 143,b,HD 21749,HIP 16069,TIC 279741379,1,1,2,0,35.61253,0.1915,2.61,22.7,22.7,7,0.188,,422,89.33,K4.5,4640,0.69,0.73,4.61,3.8,3.03,16.32,,
61 Vir d,61 Vir,d,HD 115617,HIP 64924,TIC 422478973,1,1,3,0,123.01,0.476,,,22.9,,0.35,,,,G5 V,5577,0.96,0.94,4.34,8.96,,8.50332,,
NN 3293 b,NN 3293,b,,,TIC 178872239,1,1,4,0,30.5987,0.14339,,,23.54,,0.06,1.07,,,M2.5,3466,0.4,0.42,,,,20.1903,,
HD 192310 c,HD 192310,c,HD 192310,HIP 99825,TIC 326096771,1,1,2,0,525.8,1.18,,,24,,0.32,,185,90,,5166,,0.8,4.51,7.81,,8.79687,,
rho CrB c,rho CrB,c,HD 143761,HIP 78459,TIC 458494003,1,1,2,0,102.54,0.4123,,,25,,0.052,9.85,448,,G0 V,5627,1.36,0.89,4.12,,,17.4671,,
HD 147379 b,HD 147379,b,HD 147379,HIP 79755,TIC 230073581,1,2,1,0,86.78,0.323,,,28.55,,0.07,,,,M1,4156,,0.6,,,,10.7643,,
HD 134060 c,HD 134060,c,HD 134060,HIP 74273,TIC 454901855,1,1,2,0,1291.5646,2.3928,,,29.29,,0.11,,,,G3 IV,5966,,1.09,4.43,,,24.0125,,
GJ 163 d,GJ 163,d,,HIP 19394,TIC 219221189,1,1,3,0,603.95116,1.0304,,,29.4,,0.373,,,,,,,,,,,15.1285,,
GJ 433 c,GJ 433,c,,HIP 56528,TIC 57654763,1,1,3,0,5094.105,4.819,,,32.422,,0.12,,,,,,,0.48,,,,9.06456,,
GJ 15 A c,GJ 15 A,c,HD 1326 A,HIP 1475,TIC 440109725,1,2,2,0,7600,5.4,,,36,,0.27,,,,M1,3607,0.38,0.38,4.87,,,3.56228,,
55 Cnc f,55 Cnc,f,HD 75732,HIP 43587,TIC 332064670,1,2,5,0,262,0.788,,44.812,44.812,,0.305,,,90,,,,0.95,,,,12.5855,,
HD 104067 b,HD 104067,b,HD 104067,HIP 58451,TIC 428673146,1,1,1,0,55.806,0.26,,,50.8528,,0,,,,,4937,0.74,0.62,4.49,,,20.3632,,
BD-06 1339 c,BD-06 1339,c,,HIP 27803,TIC 66914642,1,1,2,0,125.94,0.435,,,53,,0.31,,,,K7/M0 V,4324,,0.7,4.74,4.4,,20.2695,,
55 Cnc c,55 Cnc,c,HD 75732,HIP 43587,TIC 332064670,1,2,5,0,44.4175,0.241376,,54.4738,54.4738,,0.02,,,90,,,,0.95,,,,12.5855,,
AU Mic b,AU Mic,b,HD 197481,HIP 102409,TIC 441420236,1,1,1,0,8.46321,0.066,4.203,,57.2094,4.4,0.1,,,,,3700,0.75,0.5,,0.022,,9.7221,,
HD 218566 b,HD 218566,b,HD 218566,HIP 114322,TIC 278952345,1,1,1,0,225.7,0.69,,,63.566,,0.3,,,,,4730,0.85,0.76,4.46,,,28.8274,,
HD 21411 b,HD 21411,b,HD 21411,HIP 16012,TIC 142875660,1,1,1,0,84.288,0.362,,,65.9,,0.4,,,,G8 V,5605,,0.89,,,,29.1328,,
HD 8326 b,HD 8326,b,HD 8326,HIP 6390,TIC 11613065,1,1,1,0,158.991,0.533,,,66.6,,0.2,,,,K2 V,4914,,0.8,,,,30.6862,,
GJ 1148 c,GJ 1148,c,,HIP 57050,TIC 115869504,1,1,2,0,532.58,0.912,,,68.06,,0.342,,,,,3287,0.36,0.34,4.87,,10.5255,11.0143,,
HD 46375 b,HD 46375,b,HD 46375,HIP 31246,TIC 234928947,1,2,1,0,3.023573,0.0398,,,71.8,,0.063,,,,,5285,,0.92,4.53,,,29.5529,,
HD 3651 b,HD 3651,b,HD 3651,HIP 3093,TIC 434210589,1,1,1,0,62.25,0.295,,,72.46524,,0.645,,,,,5221,,0.8,4.45,,,11.1336,,
HD 204941 b,HD 204941,b,HD 204941,HIP 106353,TIC 99837626,1,2,1,0,1733,2.55,,,73.1009,,0.37,,,,,5026,0.78,0.58,4.42,,,28.7165,,
HD 101930 b,HD 101930,b,HD 101930,HIP 57172,TIC 267399515,1,2,1,0,70.46,0.3,,,79.4575,,0.11,,,,,5108,0.86,0.57,4.33,,,30.0274,,
GJ 1148 b,GJ 1148,b,,HIP 57050,TIC 115869504,1,1,2,0,41.38,0.166,,,96.7,,0.38,,,,,3287,0.36,0.34,4.87,,10.5255,11.0143,,
GJ 649 b,GJ 649,b,,HIP 83043,TIC 236743275,1,1,1,0,598.3,1.135,,,104.244,,0.3,,,,M1.5,3700,,0.54,,,,10.3796,,
HD 219134 h,HD 219134,h,HD 219134,HIP 114622,TIC 283722336,1,1,6,0,2247,3.11,,,108.0622,,0.06,,,,K3 V,4913,0.77,0.79,4.51,12.46,,6.53127,,
HD 114613 b,HD 114613,b,HD 114613,HIP 64408,TIC 30293512,1,1,1,0,4000,5.34,,,113.46531,,0.458,,,,,5641,2.14,1.27,3.87,,,20.2836,,
HD 113538 b,HD 113538,b,HD 113538,HIP 63833,TIC 422214062,1,1,2,0,663.2,1.24,,,114.41,,0.14,,,,K9 V,4462,0.53,0.58,3.79,4.3,,16.2817,,
HIP 12961 b,HIP 12961,b,,HIP 12961,TIC 204614039,1,1,1,0,57.435,0.25,,,114.4188,,0.17,,,,,3901,0.65,0.69,4.65,,,23.371,,
HD 164922 b,HD 164922,b,HD 164922,HIP 88348,TIC 159019691,1,1,3,0,1207,2.16,,,116,,0.08,,,,,5390,0.95,0.93,4.46,9.58,,22.0016,,
HD 93083 b,HD 93083,b,HD 93083,HIP 52521,TIC 54237857,1,1,1,0,143.58,0.477,,,117.59,,0.14,,,,K3 V,4995,,0.7,4.26,,,28.5159,,
HIP 57274 c,HIP 57274,c,,HIP 57274,TIC 5078530,1,1,3,0,32.03,0.178,,,130,,0.05,,,,K4 V,4640,0.68,0.73,4.71,7.87,,25.8618,,
HD 102195 b,HD 102195,b,HD 102195,HIP 57370,TIC 397024052,1,1,1,0,4.11377,0.05,,,130.3103,,0,,,,,5301,0.82,0.76,4.49,,,29.3386,,
NN 3512 b,NN 3512,b,,,TIC 445064836,1,1,1,0,203.59,0.338,,,147.15529,,0.4356,,,,M5.5 V,3081,0.14,0.12,,5.5,,9.48637,,
51 Peg b,51 Peg,b,HD 217014,HIP 113357,TIC 139298196,1,1,1,0,4.230785,0.0527,,,150.009,,0.013,,,,,5758,1.18,1.03,4.31,,0.8937,15.4614,,
HD 75289 b,HD 75289,b,HD 75289,HIP 43177,TIC 181741837,1,2,1,0,3.50927,0.05,,,155.7367,,0.03,,,,,6117,1.23,1.29,4.37,,,29.1158,,
HD 160691 e,HD 160691,e,HD 160691,HIP 86796,TIC 362661163,1,1,4,0,310.55,0.921,,,165.8685,,0.0666,,,,,,,1.08,,6.4,,15.5981,,
HIP 57274 d,HIP 57274,d,,HIP 57274,TIC 5078530,1,1,3,0,431.7,1.01,,,167.4,,0.27,,,,K4 V,4640,0.68,0.73,4.71,7.87,,25.8618,,
HD 181433 d,HD 181433,d,HD 181433,HIP 95467,TIC 410399074,1,1,3,0,2172,3,,,171,,0.48,,,,K3 IV,4962,,0.78,4.37,,,26.8762,,
47 UMa c,47 UMa,c,HD 95128,HIP 53721,TIC 21535479,1,1,3,0,2391,3.6,,,171.621,,0.098,,,,,5872,1.21,1.06,4.3,,0.8366,13.7967,,
HD 192263 b,HD 192263,b,HD 192263,HIP 99711,TIC 243962745,1,1,1,0,24.3556,0.15,,,177.9848,,0.05,,,,,4976,0.74,0.66,4.51,,,19.6359,,
HD 114783 c,HD 114783,c,HD 114783,HIP 64457,TIC 292113181,1,1,2,0,4319,,,,194.19413,,0,,,,,,,0.85,,,,21.0628,,
HD 181433 c,HD 181433,c,HD 181433,HIP 95467,TIC 410399074,1,1,3,0,962,1.76,,,203,,0.28,,,,K3 IV,4962,,0.78,4.37,,,26.8762,,
BD-11 4672 b,BD-11 4672,b,,HIP 90979,TIC 217831699,1,1,2,0,1634,2.36,,,206.5895,,0.05,,,,,4550,0.64,0.65,4.64,7.4,3.53,27.1665,,
HD 37124 c,HD 37124,c,HD 37124,HIP 26381,TIC 19631691,1,1,3,0,885.5,1.71,,,207.22516,,0.125,,,,G4 V,,,0.85,,,,31.6634,,
HD 37124 b,HD 37124,b,HD 37124,HIP 26381,TIC 19631691,1,1,3,0,154.378,0.53364,,,214.53525,,0.054,,,,G4 V,,,0.85,,,,31.6634,,
GJ 832 b,GJ 832,b,HD 204961,HIP 106440,TIC 139754153,1,1,2,0,3657,3.56,,,216,,0.08,,,,,3472,,0.45,4.7,,,4.96435,,
ups And b,ups And,b,HD 9826,HIP 7513,TIC 189576919,1,2,3,0,4.617033,0.059222,,,218.531,,0.0215,,,,F8 V,,1.56,1.3,,5,,13.4054,,
HD 37124 d,HD 37124,d,HD 37124,HIP 26381,TIC 19631691,1,1,3,0,1862,2.807,,,221.20968,,0.16,,,,G4 V,,,0.85,,,,31.6634,,
GJ 876 c,GJ 876,c,,HIP 113020,TIC 188580272,1,1,4,0,30.0881,0.12959,,226.9846,226.9846,,0.25591,,,59,,,0.3,0.32,,1,,4.67517,,
eps Eri b,eps Eri,b,HD 22049,HIP 16537,TIC 118572803,1,1,1,0,2690,,,247.9074,247.9074,,0.07,,,89,,,,0.78,,0.5,,3.2026,,
HD 134987 c,HD 134987,c,HD 134987,HIP 74500,TIC 61397572,1,1,2,0,5000,5.8,,,260,,0.12,,,,G5 V,5585,1.25,1.1,,8.4,,26.1804,,
GJ 179 b,GJ 179,b,,HIP 22627,TIC 450102450,1,1,1,0,2288,2.41,,,260.61,,0.21,,,,M3.5 V,3370,0.38,0.36,4.83,,,12.356,,
HD 154345 b,HD 154345,b,HD 154345,HIP 83389,TIC 198562505,1,1,1,0,3341.55884,4.21,,,260.6206,,0.04,,,,,5468,0.85,0.71,4.43,,,18.284,,
55 Cnc b,55 Cnc,b,HD 75732,HIP 43587,TIC 332064670,1,2,5,0,14.65152,0.115227,,263.9785,263.9785,,0.0034,,,90,,,,0.95,,,,12.5855,,
7 CMa c,7 CMa,c,HD 47205,HIP 31592,TIC 48237215,1,1,2,0,996,2.153,,,276.5121,,0.08,,,90,,4826,4.87,1.34,3.19,4.3,,19.8101,,
HD 128356 b,HD 128356,b,HD 128356,HIP 71481,TIC 1056530200,1,1,1,0,298.2,0.87,,,282.8687,,0.57,,,,K3 V,4875,0.85,0.65,4.52,10,,26.1548,,
HD 179949 b,HD 179949,b,HD 179949,HIP 94645,TIC 2288734,1,1,1,0,3.092514,0.0443,,,291.12,,0.022,,,,,6168,,1.21,4.34,,,27.4573,,
HD 113538 c,HD 113538,c,HD 113538,HIP 63833,TIC 422214062,1,1,2,0,1818,2.44,,,295.57,,0.2,,,,K9 V,4462,0.53,0.58,3.79,4.3,,16.2817,,
HD 10647 b,HD 10647,b,HD 10647,HIP 7978,TIC 229137615,1,1,1,0,989.2,2.015,,,298.75,,0.15,,,,F9 V,6218,1.1,1.11,4.62,1.4,,17.3357,,
GJ 849 b,GJ 849,b,,HIP 109388,TIC 248027247,1,1,1,0,1882,2.35,,,317.83,,0.04,,,,,3241,0.53,0.65,4.8,,,8.80058,,
rho CrB b,rho CrB,b,HD 143761,HIP 78459,TIC 458494003,1,1,2,0,39.8458,0.2196,,,332.1,,0.0373,34.7,614,,G0 V,5627,1.36,0.89,4.12,,,17.4671,,
HD 60532 b,HD 60532,b,HD 60532,HIP 36795,TIC 456871289,1,1,2,0,201.9,0.77,,,336.8998,,0.26,,,,,6245,2.57,1.5,3.8,2.8,,25.9716,,
HD 114783 b,HD 114783,b,HD 114783,HIP 64457,TIC 292113181,1,1,2,0,493.7,1.16,,,349.6,,0.144,,,,K0,5135,,0.85,,,,21.0628,,
HD 189733 b,HD 189733,b,HD 189733,HIP 98505,TIC 256364928,1,2,1,0,2.21857567,,12.666,359.1479,359.1479,,0,,,85.71,,5052,0.75,0.79,4.49,,2.65,19.7638,,
HD 114386 b,HD 114386,b,HD 114386,HIP 64295,TIC 124306858,1,1,1,0,937.70001,1.73,,,362.3262,,0.23,,,,,4836,0.76,0.6,4.45,,,27.9243,,
HD 130322 b,HD 130322,b,HD 130322,HIP 72339,TIC 189694184,1,1,1,0,10.70871,0.0925,,,365.49,,0.029,,,,,5387,0.85,0.92,4.52,,,31.8766,,
HD 52265 b,HD 52265,b,HD 52265,HIP 33719,TIC 268565917,1,1,1,0,119.27,0.52,,,384.5743,,0.27,,,,,6136,,1.2,4.36,,,29.9803,,
HD 147513 b,HD 147513,b,HD 147513,HIP 80337,TIC 350673608,1,2,1,0,528.4,1.32,,,385,,0.26,,,,,5883,,1.11,4.51,0.3,,12.9032,,
HD 30562 b,HD 30562,b,HD 30562,HIP 22336,TIC 176379354,1,1,1,0,1157,2.34,,,387.7526,,0.76,,,,,5882,1.61,1.12,4.07,,,26.1597,,
HD 142 b,HD 142,b,HD 142,HIP 522,TIC 389757979,1,2,2,0,349.7,1.02,,,397.27,,0.17,,,,,6245,1.47,1.23,4.62,,,26.1853,,
HD 210277 b,HD 210277,b,HD 210277,HIP 109378,TIC 50227884,1,1,1,0,442.19,1.13,,,410.0007,,0.48,,,,,5538,1.07,1.01,4.38,,,21.2985,,
HD 217107 b,HD 217107,b,HD 217107,HIP 113421,TIC 38271828,1,1,2,0,7.12682,0.08,,,413.179,,0.13,,,,,5622,1.11,1,4.34,,,20.0619,,
HD 19994 b,HD 19994,b,HD 19994,HIP 14954,TIC 49845357,1,3,1,0,466.2,1.305,,,435.41,,0.063,,,,F8 V,6188,,1.36,,,,22.5242,,
psi 1 Dra B b,psi 1 Dra B,b,HD 162004,HIP 86620,TIC 441804565,1,3,1,0,3117,4.43,,,486.2799,,0.4,,,,G0 V,6212,,1.19,4.2,3.3,,22.7188,,
HD 190360 b,HD 190360,b,HD 190360,HIP 98767,TIC 105999792,1,2,2,0,2915.03687,3.97,,,489.4582,,0.31,,,,,5552,1.14,0.99,4.32,,,16.0069,,
HD 87883 b,HD 87883,b,HD 87883,HIP 49699,TIC 407591082,1,1,1,0,2754,3.58,,,489.4582,,0.53,,,,,4915,0.79,0.66,4.47,,,18.2912,,
HD 27442 b,HD 27442,b,HD 27442,HIP 19921,TIC 198079199,1,2,1,0,428.1,1.271,,,495.8,,0.06,,,,,4846,,1.23,3.78,,,18.2704,,
HD 134987 b,HD 134987,b,HD 134987,HIP 74500,TIC 61397572,1,1,2,0,258.17999,0.81,,,511.7063,,0.23,,,,,5736,1.22,1.1,4.31,,,26.1804,,
47 UMa d,47 UMa,d,HD 95128,HIP 53721,TIC 21535479,1,1,3,0,14002,11.6,,,521.22,,0.16,,,,,5872,1.21,1.06,4.3,,0.8366,13.7967,,
GJ 317 c,GJ 317,c,,,TIC 118608254,1,1,2,0,6739.323,5.23,,,522.5,,0.17,,,,,,,0.42,,,,15.1968,,
HD 160691 b,HD 160691,b,HD 160691,HIP 86796,TIC 362661163,1,1,4,0,643.25,1.497,,,532.68308,,0.128,,,,,,,1.08,,6.4,,15.5981,,
HD 82943 b,HD 82943,b,HD 82943,HIP 47007,TIC 405485269,1,1,2,0,441.47,1.18306,,534.25,534.25,,0.162,,,90,,5935,1.18,1.08,4.33,,0.9206,27.5902,,
GJ 317 b,GJ 317,b,,,TIC 118608254,1,1,2,0,695.66,1.151,,,557.1,,0.07,,,,,,,0.42,,,,15.1968,,
HD 128311 b,HD 128311,b,HD 128311,HIP 71395,TIC 349606708,1,1,2,0,453.019,1.084,,,562.24127,,0.303,,,30,,,0.76,0.83,4.61,0.96,,16.3292,,
16 Cyg B b,16 Cyg B,b,HD 186427,HIP 96901,TIC 27533327,1,3,1,0,798.5,1.66,,,565.7374,,0.68,,,,,5750,1.13,1.08,4.36,,,21.1397,,
alf Ari b,alf Ari,b,HD 12929,HIP 9884,TIC 306349516,1,1,1,0,380.8,1.2,,,572.07,,0.25,,,,,4553,13.9,1.5,,,,20.21019,,
kap CrB b,kap CrB,b,HD 142091,HIP 77655,TIC 334753043,1,1,1,0,1285,2.65,,,575.59013,,0.167,,,,,4871,4.85,1.5,3.26,,,30.0651,,
HD 160691 c,HD 160691,c,HD 160691,HIP 86796,TIC 362661163,1,1,4,0,4205.8,5.235,,,576.519,,0.0985,,,,,,,1.08,,6.4,,15.5981,,
gam Cep b,gam Cep,b,HD 222404,HIP 116727,TIC 367912480,1,2,1,0,903.3,2.05,,,587.96,,0.049,,,,,,4.9,1.4,,,,14.1024,,
7 CMa b,7 CMa,b,HD 47205,HIP 31592,TIC 48237215,1,1,2,0,735.1,1.758,,,587.9855,,0.06,,,90,,4826,4.87,1.34,3.19,4.3,,19.8101,,
HD 82943 c,HD 82943,c,HD 82943,HIP 47007,TIC 405485269,1,1,2,0,220.078,0.74345,,622.603,622.603,,0.3663,,,90,,5935,1.18,1.08,4.33,,0.9206,27.5902,,
ups And c,ups And,c,HD 9826,HIP 7513,TIC 189576919,1,2,3,0,241.258,0.827774,,,629.595,,0.2596,,,,F8 V,,1.56,1.3,,5,,13.4054,,
HD 70642 b,HD 70642,b,HD 70642,HIP 40952,TIC 183356952,1,1,1,0,2124.54,3.318,,,633.43519,,0.175,,,,,5732,0.98,1.08,4.46,0.919,,29.276,,
HIP 79431 b,HIP 79431,b,,HIP 79431,TIC 49324530,1,1,1,0,111.7,0.36,,,667.415,,0.29,,,,,3420,0.48,0.48,4.76,,6.1274,14.5324,,
HD 216437 b,HD 216437,b,HD 216437,HIP 113137,TIC 277774779,1,1,1,0,1334.28,2.497,,,706.53609,,0.317,,,,,5909,1.39,1.17,4.19,4.75,,26.6902,,
HR 810 b,HR 810,b,HD 17051,HIP 12653,TIC 166853853,1,1,1,0,302.79999,0.92,,,721.4741,,0.14,,,,,6167,1.13,1.34,4.46,,,17.3181,,
GJ 876 b,GJ 876,b,,HIP 113020,TIC 188580272,1,1,4,0,61.1166,0.208317,,723.2235,723.2235,,0.0324,,,59,,,0.3,0.32,,1,,4.67517,,
GJ 328 b,GJ 328,b,,HIP 43790,TIC 265373654,1,1,1,0,4100,4.5,,,731,,0.37,,,,M1,3900,,0.69,,,,20.5266,,
HD 29021 b,HD 29021,b,HD 29021,HIP 21571,TIC 458350670,1,1,1,0,1362.3,2.28,,,762.792,,0.459,,,,G5,5560,0.85,0.85,4.44,7.4,,30.9939,,
HD 60532 c,HD 60532,c,HD 60532,HIP 36795,TIC 456871289,1,1,2,0,600.1,1.6,,,797.7533,,0.03,,,,,6245,2.57,1.5,3.8,2.8,,25.9716,,
47 UMa b,47 UMa,b,HD 95128,HIP 53721,TIC 21535479,1,1,3,0,1078,2.1,,,804.08,,0.032,,,,,5872,1.21,1.06,4.3,,0.8366,13.7967,,
HD 217107 c,HD 217107,c,HD 217107,HIP 113421,TIC 38271828,1,1,2,0,4270,5.32,,,826.32,,0.517,,,,,5575,1.2,0.98,4.27,,0.8009,20.0619,,
HD 150706 b,HD 150706,b,HD 150706,HIP 80902,TIC 159511543,1,1,1,0,5894,6.7,,,861.28,,0.38,,,,G0 V,5961,0.96,1.17,4.5,3,,28.2697,,
HR 5183 b,HR 5183,b,HD 120066,HIP 67246,TIC 379117362,1,2,1,0,27000,18,,,1026.5909,,0.84,,171,,,5794,1.53,1.07,4.02,7.7,,31.4607,,
eps Ind A b,eps Ind A,b,HD 209100,HIP 108870,TIC 231698181,1,3,1,0,16510,11.55,,1032.9475,1032.9475,,0.26,,,64.25,K2 V,,,0.75,,4.7,,3.63857,,
GJ 3021 b,NN 3021,b,HD 1237,HIP 1292,TIC 290543478,1,2,1,0,133.71,0.49,,,1071.04,,0.511,,350,,G6 V,5540,0.9,0.9,4.7,,,17.5559,,
HD 128311 c,HD 128311,c,HD 128311,HIP 71395,TIC 349606708,1,1,2,0,921.538,1.74,,1204.25787,1204.25787,,0.159,,,55.95,,,0.76,0.83,4.61,0.96,,16.3292,,
55 Cnc d,55 Cnc,d,HD 75732,HIP 43587,TIC 332064670,1,2,5,0,4825,5.503,,1232.493,1232.493,,0.019,,,90,,,,0.95,,,,12.5855,,
GJ 504 b,GJ 504,b,HD 115383,HIP 64792,TIC 397587084,1,1,1,0,,43.5,,1271.3,1271.3,,,,510,,G0 V,6234,,1.22,4.6,0.16,,17.5299,,
ups And d,ups And,d,HD 9826,HIP 7513,TIC 189576919,1,2,3,0,1276.46,2.51329,,,1313.22,,0.2987,,,,F8 V,,1.56,1.3,,5,,13.4054,,
GJ 2034 b,GJ 2034,b,,,TIC 219244444,1,2,1,0,4343.5,5.3,,,1334.886,,0,,,17.6,M,,,0.44,,,,21.1916,,
tau Boo b,tau Boo,b,HD 120136,HIP 67275,TIC 72506701,1,2,1,0,3.3124568,0.049,,,1373.0256,,0.011,,,,,6466.27,1.43,1.32,4.25,,0.6419,15.6521,,
GJ 86 b,GJ 86,b,HD 13445,HIP 10138,TIC 220017951,1,2,1,0,15.76491,0.11,,,1404.8086,,0.04,,,,,5182,0.77,0.93,4.63,,,10.7836,,
14 Her b,14 Her,b,HD 145675,HIP 79248,TIC 219483057,1,1,1,0,1773.40002,2.93,,,1481.0878,,0.37,,,,,5338,0.93,0.9,4.45,,,17.9323,,
HD 50554 b,HD 50554,b,HD 50554,HIP 33212,TIC 80224448,1,1,1,0,1293,2.353,,,1574.464,,0.501,,,,,5987,1.02,1.04,,2.16,,31.1664,,
GJ 676 A b,GJ 676 A,b,,HIP 85647,TIC 369021303,1,2,4,0,1056.80005,1.82,,,1576.4368,,0.33,,,,,3734,0.69,0.73,4.62,,,16.0272,,
HD 142 c,HD 142,c,HD 142,HIP 522,TIC 389757979,1,2,2,0,6005,6.8,,,1684.4,,0.21,,,,,6245,1.47,1.23,4.62,,,26.1853,,
Ross 458 c,Ross 458,c,,HIP 63510,TIC 88138162,1,2,1,0,,1100,14.011,1906.98,1906.98,,,,,,,3646,0.56,0.56,4.68,,4.406,11.5094,,
alf Tau b,alf Tau,b,HD 29139,HIP 21421,TIC 245873777,1,2,1,0,628.96,1.46,,,2056.3601,,0.1,,,,K5 III,4055,45.1,1.13,1.2,6.6,,20.4332,,
GJ 676 A c,GJ 676 A,c,,HIP 85647,TIC 369021303,1,2,4,0,7337,6.6,,,2161.244,,,,,,,,,,,,,16.0272,,
HD 111232 b,HD 111232,b,HD 111232,HIP 62534,TIC 329649885,1,1,1,0,1143,1.97,,,2269.3062,,0.2,,,,,5512,0.9,0.84,4.45,,,28.9571,,
70 Vir b,70 Vir,b,HD 117176,HIP 65721,TIC 95473936,1,1,1,0,116.688,0.481,,,2357.02728,,0.3988,,,,,5495,1.89,1.09,3.95,,,17.9011,,
NN 3483 b,NN 3483,b,,,TIC 306826966,1,1,1,0,,2500,,2383.6,2383.6,,,,323,,,,,,,,,19.2444,,
iot Dra b,iot Dra,b,HD 137759,HIP 75458,TIC 165722603,1,1,1,0,511.098,1.275,,,2803.1,,0.7124,,,,,4548,,1.05,,,,31.32832,,
HIP 70849 b,HIP 70849,b,,HIP 70849,TIC 127382459,1,2,1,0,17337.5,20.25,,,2860,,0.715,,,,K7 V,4105,,0.63,,3,,24.0572,,
bet Pic c,bet Pic,c,HD 39060,HIP 27321,TIC 270577175,1,1,2,0,1200,2.7,,2860.47,2860.47,,0.24,,,90,,,,1.75,,0.023,,19.7442,,
HD 33564 b,HD 33564,b,HD 33564,HIP 25110,TIC 142103211,1,1,1,0,388,1.1,,,2892.1,,0.34,,,,F6 V,6250,,1.25,4,3,,20.9531,,
HD 221420 b,HD 221420,b,HD 221420,HIP 116250,TIC 277890728,1,1,1,0,22482,18.5,,,3082.951,,0.42,,,,,5830,,1.67,4.08,,,31.1415,,
HD 162020 b,HD 162020,b,HD 162020,HIP 87330,TIC 367987991,1,1,1,0,8.4282,0.08,,,3127.4472,,0.28,,,,,4723,0.75,0.42,4.31,,,30.8248,,
HD 39091 b,HD 39091,b,HD 39091,HIP 26394,TIC 261136679,1,1,2,0,2093.07,3.1,,,3184.6566,,0.637,,,,G0 V,6037,1.1,1.09,4.42,2.98,1.148,18.2702,,
HD 219077 b,HD 219077,b,HD 219077,HIP 114699,TIC 394125166,1,1,1,0,5501,6.22,,,3302.11,,0.77,,,,G8 V,5362,1.91,1.05,4,8.9,,29.1864,,
HN Peg b,HN Peg,b,HD 206860,HIP 107350,TIC 301880196,1,1,1,0,,773,11.777,6991.57,6991.57,,,,,,,5927.14,1.01,1.08,4.46,,1.4754,18.1186,,
HD 63433 b,HD 63433,b,HD 63433,HIP 38228,TIC 130181866,1,1,2,0,7.10793,0.0719,2.15,,,,0,,,89.38,,5640,0.91,0.99,,0.414,1.823,22.4035,,
HD 63433 c,HD 63433,c,HD 63433,HIP 38228,TIC 130181866,1,1,2,0,20.5453,0.1458,2.67,,,,0,,,89.147,,5640,0.91,0.99,,0.414,1.823,22.4035,,
bet Pic b,bet Pic,b,HD 39060,HIP 27321,TIC 270577175,1,1,2,0,7665,9.1,,,,,0.08,,,88.9,,,,1.76,,,,19.7442,,
HR 858 c,HR 858,c,HD 17926,HIP 13363,TIC 178155732,1,2,3,0,5.97293,0.0674,1.939,,,,0.19,512,1326,86.23,,6201,1.31,1.15,4.26,,0.717,31.964,,
HR 858 d,HR 858,d,HD 17926,HIP 13363,TIC 178155732,1,2,3,0,11.23,0.1027,2.164,,,,0.28,217,1075,87.43,,6201,1.31,1.15,4.26,,0.717,31.964,,
HR 858 b,HR 858,b,HD 17926,HIP 13363,TIC 178155732,1,2,3,0,3.58599,0.048,2.085,,,,0.3,989.7,1572,85.5,,6201,1.31,1.15,4.26,,0.717,31.964,,
51 Eri b,51 Eri,b,HD 29391,HIP 21547,TIC 298810162,1,3,1,0,11688,12,,,,,0.45,,,133,,7295,1.49,1.65,4.31,,0.7071,29.7575,,
