_RAJ2000,_DEJ2000,ADS,Period,Axis,Incl,Ecc
1.3377,45.8234,48,362.3,6.179,62.3,0.52
1.3377,45.8234,48,1506.68,11.698,56.59,0.5
1.5449,58.44,61,106.83,1.432,44.4,0.45
2.3161,79.7232,102,456,0.924,110.3,0.68
3.0369,53.623,148,68.5,0.225,38,0.79
3.0369,53.623,148,63.89,0.217,23.47,0.75
3.344,26.9895,161,368,0.564,127.5,0.69
4.0687,76.9558,207,1600,1.26,135.7,0.5
4.1809,36.4891,221,115.049,0.363,158.87,0.576
4.4915,44.0056,246,2600,41.15,61.4,0
5.2368,67.6717,283,163.4,1.24,88.5,0.96
5.1652,12.3051,281,134.89,0.35,36.1,0.55
5.3357,67.0049,293,240,0.46,103,0.8
6.5529,-42.2961,,10.538,0.072,110.4,0.335
6.7723,-7.8796,363,54,0.365,111.2,0.65
6.7723,-7.8796,363,53.38,0.36,110,0.65
7.0797,63.7367,371,198.53,0.458,53.51,0.473
7.0823,-20.33,,5.625,0.134,59.7,0.6
7.0823,-20.33,,5.597,0.115,14.5,0.744
7.0823,-20.33,,11.25,0.214,69.8,0
7.9283,54.519,434,640,0.586,47.7,0
8.0223,67.2523,440,15.95,0.125,45,0.05
8.0223,67.2523,440,320,4.06,51,0
8.024,-5.1811,450,10.755,0.169,129.6,0.57
8.024,-5.1811,450,21.3,0.19,140.5,0
7.8901,-62.9643,,44.43,0.385,142,0.8
8.368,40.1018,463,74,0.42,120.3,0.3
8.8005,-3.5988,490,6.92,0.23,45.6,0.77
9.2916,-24.7661,520,25,0.67,78,0.22
10.5874,4.1652,588,545.8,1.67,34.6,0.14
12.2051,57.829,671,480,11.994,34.76,0.497
12.2779,57.3288,674,123.18,0.167,36,0.48
12.1929,18.6956,673,161.5,0.614,107,0.45
12.1929,18.6956,673,128,0.54,109.8,0.59
12.6195,50.6281,684,218.6,0.59,37,0.65
12.6195,50.6281,684,150,0.44,37,0.54
13.0271,-13.2228,713,146.1,0.602,43,0.76
13.289,4.0934,732,60.02,0.23,69.8,0.49
13.289,4.0934,732,60.9,0.251,73,0.43
13.6487,19.1926,746,360.4,0.7,131.5,0.3
13.7352,23.6257,755,164.68,1.014,46.45,0.31
14.2062,60.3748,784,83.4,0.252,53.5,0.225
14.8286,-0.6768,819,85.9,0.29,50.4,0.8
14.9023,-1.1936,822,150,0.41,37.4,0.25
15.3349,11.9053,828,229.6,0.645,108,0.54
15.7614,47.371,862,450,0.816,87,0.8
15.6857,2.2211,864,62.5,0.214,49.5,0.71
15.9844,35.4704,873,406.9,0.33,35.6,0.1
16.3883,21.1193,896,184.62,0.636,141.93,0.5
16.3883,21.1193,896,145,0.61,133.5,0.38
16.778,38.6517,918,33.6,0.16,30,0.23
16.8996,54.9681,,21.43,0.186,109.5,0.61
16.9407,-41.4823,,28.5,0.209,72,0.51
17.3768,47.2501,940,371.6,0.447,139.8,0.21
17.823,41.2155,974,100,0.343,64.4,0.58
18.6854,60.9465,999,75,0.357,129,0.88
18.6854,60.9465,999,150,0.58,108,0
18.917,-68.8718,,1222.4,7.64,127.3,0.45
18.917,-68.8718,,86.2,1.115,33.5,0.044
19.9128,-5.3244,1077,116.5,0.256,132,0.28
19.9534,-0.4911,1081,21.5,0.136,25,0.03
20.3182,11.5411,1097,180,0.364,133.8,0.85
20.5051,-69.7104,,214.8,0.575,58.7,0.357
21.2785,45.6047,1126,120,0.187,35.9,0.14
21.2785,45.6047,1126,64,0.27,65.9,0.82
21.0813,-6.9282,1123,16.14,0.188,116.2,0.92
21.4834,-47.8966,,171.6,0.968,117.7,0.83
21.9238,5.3522,1158,63.8,0.311,110.8,0.86
21.5314,-67.8305,,195,0.765,46.5,0.79
22.4165,22.8339,1183,74.5,0.248,115.9,0.87
23.433,-12.22,1223,146,0.911,110.4,0.953
23.433,-12.22,1223,144,0.919,108.4,0.96
23.6293,34.6629,1227,157.1,0.25,123.4,0.32
23.7534,-29.9214,,4.559,0.171,25.25,0.316
23.7534,-29.9214,,115.2,1.443,32.4,0.22
23.7534,-29.9214,,111.8,1.419,29.3,0.21
24.3926,-9.407,,28.3,0.19,107,0.6
24.706,-17.9583,,26.52,2.06,127.3,0.615
25.2268,49.8735,1315,87.8,0.3,130.2,0.48
25.2259,11.2898,1321,75.91,0.218,70.45,0.047
24.933,-56.1931,,483.66,7.817,142.82,0.534
25.6019,-6.7619,1345,298.83,0.525,25.8,0.51
26.0756,57.5369,1359,573.52,1.07,180,0
26.248,57.1862,1371,238,0.724,42,0.4
25.9448,9.5702,1360,200,0.86,119,0.55
27.465,80.8834,1411,395,0.635,67,0.16
26.5663,33.7178,1393,610.17,0.38,29.5,0.21
26.4161,-25.0487,1394,1192.2,4.652,180,0
27.4159,-14.2363,1451,98.7,0.26,119.5,0.4
28.7733,28.7914,1522,368,0.54,124.1,0.57
28.8433,2.9574,1530,168.465,0.622,36.7,0.35
28.9632,1.8402,1538,158.4,1,69.7,0.69
28.9632,1.8402,1538,170.295,1.05,73.59,0.708
29.2643,31.0225,1548,261.1,0.45,29.7,0.24
30.4859,70.9015,1598,60.44,0.653,22.8,0.345
30.5353,36.7165,1613,12.9,0.123,26,0.53
30.5353,36.7165,1613,330,1.13,140,0.33
30.518,2.7662,1615,933.05,4,120.93,0.696
30.9839,42.3311,1630,61.1,0.296,111.1,0.93
30.9156,25.9312,1631,309.03,1.34,49.14,0.585
30.9156,25.9312,1631,288,1.256,55,0.56
33.5063,47.4852,1709,144.7,0.908,63.4,0.26
34.3367,61.3481,1737,150,0.57,118.2,0.72
34.3367,61.3481,1737,137.01,0.5,124.38,0.707
33.9218,25.0492,,19.35,0.17,135.6,0.71
33.9651,6.6321,1729,35.52,0.335,110,0.66
33.9535,-18.2349,1733,173,2.01,52.5,0.38
34.5323,39.3295,1762,157,0.304,47.5,0.21
35.0339,29.81,1780,180,0.382,122.3,0.4
34.8383,-2.9728,1778,400,0.85,111.3,0.66
35.2702,42.7756,1786,258.97,1.155,111.4,0.626
35.3045,21.5917,1796,114,0.35,134,0.17
34.9548,-35.4406,,352,1.846,140,0.37
36.4218,61.5534,1833,581.861,0.682,47.25,0.613
35.8195,-29.862,,110.5,0.64,100.7,0.48
37.2627,67.3991,1860,840,2.27,132,0.4
37.2627,67.3991,1860,52.4,0.113,120,0.19
36.93,4.4323,1865,25.32,0.545,74,0.21
38.9709,6.8536,,60,0.257,70.3,0.45
39.4816,20.0508,1993,98,0.194,135.1,0.74
39.2855,-11.1986,1990,161.77,0.5,46.23,0.27
39.9554,0.1475,2028,18,0.148,25.4,0.4
39.8803,-11.8689,,2.667,0.108,31.9,0.27
40.1815,26.6299,2034,475,1.21,122.5,0.38
40.5544,40.1947,,0.906,0.057,123,0.67
41.0444,49.2253,2081,2720,22.289,75.44,0.13
41.4978,-4.9622,2111,372.86,0.917,127.6,0.3
40.8545,-66.7107,,28.5,0.279,89.9,0.84
41.8581,19.3693,2122,720,2.913,114.33,0.77
42.8892,45.9967,2173,192,0.603,44.1,0.46
43.5737,52.7593,2202Aa,4.15,0.05,95,0.73
43.4269,38.3429,2200,31.37,0.258,114.3,0.816
42.9354,-52.5563,,65,0.28,103,0.9
44.3171,1.8861,2236,132.99,0.679,71.23,0.504
44.3171,1.8861,2236,150,0.7,69.8,0.55
44.6522,24.1344,2246,317.5,0.285,61.2,0.38
44.2998,-24.9644,2242,137,1.548,83.5,0.67
44.7325,21.6171,2253,241.903,0.442,60.06,0.217
44.7325,21.6171,2253,450,0.57,54.8,0.32
45.5592,18.3114,2301,125.379,0.297,43.89,0.47
46.1868,53.5084,2324Aa,14.65,0.159,88,0.72
46.3669,25.256,2336,227,0.47,77.5,0.73
47.0524,40.9518,2362,1.858,0.011,61.1,0.2
47.0524,40.9518,2362,1.862,0.104,83,0.23
48.1612,71.547,2377,344.89,1.102,125.18,0.26
47.3913,5.1983,2373,54.68,0.27,153.8,0.46
48.0391,37.2113,2390,616.92,2.122,105.37,0.61
48.0014,-29.0069,2402,314,4.367,81.5,0.76
49.3916,65.6538,2436,330,0.386,180,0.31
48.5098,0.7402,2416,790,1.308,136.1,0.32
48.0996,-44.4249,,44.82,0.443,157,0.897
49.4376,38.6347,2446,118.19,0.57,131.4,0.76
49.5726,-0.9342,2459,351.94,1.077,62.44,0.434
49.5726,-0.9342,2459,217.2,0.974,72.94,0.373
49.7218,-1.0353,2464,222,0.42,128.3,0.14
51.1089,-15.646,2524,25,0.148,53.5,0.18
52.0833,60.2499,2538,259.9,0.37,143.6,0.22
51.55,12.4848,2531,120.6,0.3,146.1,0.47
52.7534,29.6096,2578,183.63,0.35,42.1,0.49
53.7441,60.0372,2612,287.7,1.245,67.6,0.7
53.6062,24.4695,2616,600,0.719,155.2,0.71
54.0348,42.3503,2630,153,0.56,48.6,0.4
53.486,-31.0813,,19.4,0.225,84.4,0.34
54.2091,0.5974,2644,2101,8.023,32.07,0.18
57.0253,68.663,,57.7,0.67,121.1,0.65
57.2286,64.7439,2765,187.5,0.384,51,0.16
56.5612,24.1962,2755,1000,1.761,98.98,0.722
57.0954,52.0434,2768,67.7,0.325,151,0.17
56.3355,-27.8704,2756,425,2.761,48,0.28
57.5774,25.588,2799,62.28,0.43,83.19,0.62
58.4318,53.2827,2828,57.4,0.3,51.9,0.69
58.6224,5.1954,2849,117.74,0.173,37.68,0.21
59.3699,-1.161,2894,3200,11.1,180,0
62.5166,80.6916,2963,415.1,1,44.8,0.24
60.1972,5.0823,2928,52.46,0.144,50.9,0.46
61.0272,39.5101,2959,394.7,2.101,110.6,0.65
61.6133,43.4221,2980,109.5,0.396,123.3,0.66
61.8858,38.0861,2995,705.88,3.599,112.78,0.5
62.2276,29.1994,3017,60,0.28,78.4,0.55
62.2967,28.6488,3021,187.47,0.389,52.9,0.4
62.2967,28.6488,3021,207.253,0.673,72.37,0.755
62.3362,-7.9362,3032,125.8,0.255,60.3,0.85
62.6877,-4.8725,3041,20,0.145,62.3,0.76
62.6877,-4.8725,3041,40,0.197,67.6,0
63.3967,7.7219,3064,7.18,0.135,66.1,0.29
64.4734,58.7824,3098,254,0.48,138,0.18
63.9862,31.7011,3082,200,0.585,56.7,0.46
63.9136,-7.5665,3093,252.1,6.943,108.9,0.41
63.5366,-46.1318,,18.6,0.25,62.8,0.68
64.2578,19.6815,3102,63.3,0.358,130,0.98
64.5647,22.8123,3114,227,0.502,28.5,0.855
64.9784,16.5251,3135,90,0.57,54,0.61
65.6903,15.0522,3169,255.5,1.185,138,0.29
65.3865,-25.7301,3159,76.92,0.5,35,0.58
65.8314,11.3841,3174,681.95,1.51,142.97,0.319
65.964,9.4662,3182,55.4,0.2,29.3,0.71
66.5446,35.7456,3209,287,0.42,162,0
66.5559,34.7121,3211,80.26,0.25,118.2,0.52
66.3996,15.9459,,13.15,0.133,132.6,0.073
66.453,18.8622,3210,27.88,0.247,101.5,0.05
67.8024,58.9699,,23,0.07,65,0.3
66.7269,-24.0753,3230,175.7,1.25,79.7,0.87
67.2526,16.155,3248,40.4,0.425,92.6,0.41
67.523,15.6359,3264,180,1,107.6,0.82
67.523,15.6359,3264,170,1.029,110.5,0.82
68.724,39.143,3303,52.19,0.355,45.9,0.74
69.106,34.206,3323,58.19,0.183,43.7,0.41
69.0296,8.2221,3326,140.4,0.237,129.74,0.67
68.4881,-55.0433,,13,0.212,54.1,0.84
69.9802,53.483,3358,26.25,0.18,115,0.54
69.9802,53.483,3358,26.797,0.157,123.58,0.686
69.9802,53.483,3358,425,1.38,131.5,0.3
69.2157,-17.5473,3341,194.935,0.251,24.3,0.147
69.3647,-9.8483,,71,0.227,147,0.21
70.815,59.5262,3391,280,0.45,51.9,0.56
70.7379,57.1932,3389,74.4,0.256,27,0.475
70.5553,37.5097,3390,849,1.653,150.1,0.255
69.8801,-45.1216,,31.5,0.214,56,0.19
70.5572,2.9913,3395,24.5,0.088,120,0.9
70.5572,2.9913,3395,49,0.175,96,0
70.0841,-58.9417,,240,1.902,143,0.994
71.9596,53.2982,3434,157,0.405,51.7,0.4
71.877,43.398,3438,66.314,0.178,152.1,0.32
72.4003,2.2077,3465,225.84,0.178,41.8,0.27
72.6147,1.0557,3472,112.924,0.196,142.2,0.327
72.8086,11.071,3475,16.3,0.202,20.2,0.44
72.9587,13.6531,3483,100.95,0.705,50,0.55
72.9587,13.6531,3483,98.629,0.71,50.19,0.541
72.5586,-31.212,,97.4,0.27,0,0
74.0629,52.0954,3520,72.1,0.21,48.7,0.44
74.3314,53.7597,3536,284,0.78,137.9,0.74
74.7676,63.3739,3552,49.8,0.2,140.1,0.04
74.9758,53.4537,3573,110.43,0.179,133.8,0.634
76.1515,74.0648,,136,0.425,88,0.32
74.7475,-16.3816,3588,54.62,0.507,107.3,0.805
75.1279,5.0992,3596,400,1.15,102.3,0.32
75.4496,26.6638,3608,25,0.225,27,0.29
75.4343,20.8303,3614,82,0.66,72,0.87
75.6206,-21.2567,,42.7,1.4,70.9,0.83
76.4713,-13.9143,3686,217,1.162,44,0.18
76.8375,18.6504,3701,1.19,0.18,73,0.9
76.8375,18.6504,3701,2.38,0.1,0,0
76.9609,8.4987,3711,198.9,1.04,141,0.17
77.4434,28.0285,3730,32.1,0.217,139.5,0.93
77.2355,3.2126,3728,150,0.252,59.5,0.74
78.3739,1.9684,3799,312,0.383,23.28,0.85
79.1694,46.0134,3841,0.285,0.055,136.64,0
79.3415,45.8451,3841,388,3.72,65,0
79.1146,-1.6388,3857,178.5,0.26,55,0.08
81.1976,63.3799,3956,370.3,1.637,123.8,0.14
80.6553,2.6133,3959,83.9,1.06,113.7,0.07
80.9719,-0.8732,3991,24.68,0.189,81.76,0.75
80.9719,-0.8732,3991,49.36,0.332,90,0
81.1074,-2.3912,4002,9.219,0.036,90,0.43
81.3751,-0.5437,4020,359.1,0.28,50.9,0.19
83.0603,70.8144,4076,400,0.705,119,0.5
81.8949,-20.9163,,180,0.3,44.9,0.19
82.6878,5.944,4115,586,1.293,101.63,0.145
83.3286,44.8235,,7.2,0.04,100.7,0.01
83.2565,-24.2463,4153,60.6,0.309,144.9,0.75
83.2565,-24.2463,4153,89.3,0.34,135.6,0.8
84.1038,21.9978,4200,2959,5.571,56.1,0.21
84.8345,43.7089,4236,187,0.2,44.8,0.4
84.6564,30.493,4229,53.2,0.135,136.2,0.56
83.8127,-46.9533,,85.3,0.277,41.5,0.68
84.6804,-2.5923,4241,170,0.247,165,0.07
85.32,16.5358,4265,95.36,0.357,78.48,0.926
85.1866,-1.9472,4263,1508.6,2.728,72,0.07
85.7143,-6.8025,4299,20.1,0.201,65.2,0.36
87.0713,1.6181,4396,61.831,0.159,42.03,0.404
88.949,36.9351,4505,170,0.323,62.5,0.84
91.3227,74.0028,4603,163,0.408,115.4,0.765
89.7323,12.8094,4562,126,0.265,75.4,0.56
90.7794,58.2197,4604,276.92,0.29,0,0
89.5125,-52.2092,,182,0.572,12,0.72
90.0955,-31.0463,,72,0.94,101.8,0.5
90.0955,-31.0463,,390.6,3.95,110.2,0.27
90.6004,9.6509,4617,17.5,0.276,95.06,0.76
90.6004,9.6509,4617,18.25,0.089,91.8,0.76
91.0201,23.2641,,13.17,0.19,57.3,0.325
91.2023,-48.4585,,463.5,2.94,56.8,0.15
92.4472,-22.7687,,18.2,0.203,35.4,0.35
94.6645,67.7342,4876,200,0.722,87,0.4
93.7113,22.5046,4841,473.7,1.08,142.7,0.54
93.9672,1.1677,,28.1,0.165,32,0.35
93.8675,-9.0318,4866,132.7,0.24,55.7,0.52
94.2784,9.9485,4890,9,0.109,59.6,0.23
94.9816,28.426,4929,54,0.18,41.5,0.75
94.9816,28.426,4929,108,0.28,63.8,0
95.353,2.271,4971,120,0.448,58.4,0.45
96.3851,22.462,5042,514.3,0.75,47.5,0.87
96.8392,-25.7447,5092,59.7,0.382,10,0.57
97.329,-2.7983,,16.6,0.932,53.4,0.38
97.8571,7.8304,5159,31.6,0.2,37.4,0.3
97.4675,-50.2361,,52.9,0.484,133,0.959
97.4675,-50.2361,,101,0.514,30,0.24
98.5763,14.7405,5197,2360,3.21,124.14,0.2
98.6217,-11.2278,5212,161.5,0.432,53.5,0.34
99.1154,27.286,5234,114.8,0.86,112.2,0.71
99.4182,16.3991,,12.9,0.038,39,0.8
98.98,-36.0827,,29,0.295,99.7,0.493
100.4571,30.69,5332,126.6,0.18,137.9,0.26
101.5603,59.4489,5400,699,1.66,180,0.03
101.3644,29.3645,5408,105.87,0.32,118,0.54
101.3173,-16.6873,5423,50.09,7.5,136.53,0.592
101.3173,-16.6873,5423,49.94,7.62,135.52,0.588
101.8609,18.1925,5447,1057.8,1.536,113.56,0.613
101.9345,0.341,5455,299,0.56,143,0.34
102.1543,7.6225,5469,180,0.77,42.7,0.81
103.28,59.4492,5514,480,0.736,56.4,0.53
102.9358,25.0493,5515,187,0.21,42.6,0.27
103.1846,24.9636,5535,305,0.546,144,0.31
103.6584,13.1752,5559,1943.8,8.194,125.54,0.15
103.6485,-27.56,,1461.7,1.926,61.29,0.917
104.3586,2.8847,5625,250,0.268,126,0.25
104.3586,2.8847,5625,85,0.18,130.5,0.8
104.321,-35.5002,,16.74,0.218,35,0.43
104.3249,-49.4847,,55.1,0.2,32,0
105.9029,39.6722,5726,40.2,0.27,116.2,0.35
105.6605,15.9731,5720,44,0.2,139.1,0.6
105.6605,15.9731,5720,95,0.25,123.1,0
106.1028,-3.0486,5752,42.2,0.27,102.4,0.52
108.2051,27.2332,5871,116.5,0.929,137.26,0.941
108.7101,-15.4734,5925,512.3,0.727,0,0
109.1905,0.9729,5949,66,0.343,147,0.2
109.418,9.3045,5958,206.04,1.1,116.95,0.72
109.2692,-12.0284,5956,109,0.244,46.3,0.51
110.0439,21.9827,5983,1200,6.975,63.28,0.11
109.3679,-46.9981,,84,0.609,111.1,0.9
109.3679,-46.9981,,81.5,0.559,112,0.892
112.5744,49.9781,6117,381.4,0.94,60.1,0.59
112.711,48.1934,,0.94,,94,0.6
112.711,48.1934,,20.5,0.656,40,0.18
112.3433,-14.9899,6126,1090.9,3.684,49.43,0.36
113.061,14.0882,6154,83.7,0.627,97.1,0.6
113.061,14.0882,6154,75,0.64,100.4,0.62
113.6513,31.8838,6175,511.3,7.369,112.94,0.36
113.6513,31.8838,6175,420.07,6.295,115.94,0.33
114.8535,5.2552,6251,40.65,4.548,35.7,0.4
115.42,37.435,6276,165,0.331,167,0.775
115.4182,9.7003,6291,571,1.38,55.8,0.77
115.7521,-17.0703,6315,138,0.348,138,0.57
116.9884,60.3067,6354,18.8,0.2,129,0.5
116.5257,21.1244,6347,169,0.386,46,0.32
117.7103,3.2801,6405,211.8,0.265,59.1,0.17
117.9346,-13.8892,6420,23.18,0.58,77.8,0.69
118.21,-5.4246,,30.8,0.295,76.5,0.68
119.3165,1.1328,6483,57.04,0.44,79,0.77
120.617,4.1553,6532,1590,3.426,60.3,0.38
121.0452,33.0362,6549,217.4,0.28,148.1,0.65
120.7778,-6.4131,6547,267,0.787,68.5,0
121.0867,12.3016,6554,44.75,0.453,53.7,0.428
121.5255,-0.7692,6582,151.83,0.51,147.4,0.61
121.8791,-12.2059,6606,209.2,0.38,47.7,0.22
123.0568,17.6521,6650,59.7,0.884,172,0.32
123.0568,17.6521,6650,1150,7.96,144.6,0.26
123.0568,17.6521,6650,17.5,0.191,144,0.11
123.2911,-13.9009,6664,64.65,0.815,51.5,0.69
124.5826,38.9906,6721,295,1.06,97,0.6
124.3134,-5.3756,6719,99.5,0.573,109,0.83
124.3134,-5.3756,6719,161.5,0.394,131.8,0.34
125.2832,47.4022,6746,279.5,0.479,40,0.73
125.3442,-1.6004,6762,435,0.654,45,0.2
125.3442,-1.6004,6762,241.4,0.569,56.3,0.372
125.7732,20.0136,6776,128.57,0.6,79.4,0.69
126.3541,37.393,6796,86,0.24,46.7,0.6
126.7414,32.2064,6814,79.5,0.35,61.8,0.26
126.6632,24.54,6811,21.82,0.19,44.9,0.1
126.2617,-49.1597,,25.63,0.277,41.3,0.24
127.1222,35.0368,,32.7,0.56,128,0.6
126.9224,-4.413,6825,43,0.2,109,0.15
127.1124,-2.5144,6828,53,0.321,84.1,0.45
126.7459,-52.6971,,14.5,0.158,52.7,0.28
127.8933,34.9642,6851,31,0.34,132.2,0.7
128.2806,-24.6075,6871,136.5,0.568,142.5,0.26
128.6275,-32.5938,,13.9,0.16,55.7,0.512
129.8022,-22.669,6914,140,1.888,83.6,0.25
129.838,-36.6032,,66.5,0.527,102,0.86
130.7884,-12.4261,,70.5,0.32,136.5,0.29
130.5245,-52.7592,,76.1,0.4,69.7,0.24
131.5244,-14.3649,6989,215.8,0.495,46.8,0.36
131.7043,6.4177,6993,15.05,0.238,49.3,0.67
131.7043,6.4177,6993,890,4.536,42,0.29
132.164,0.9475,7012,90,0.22,138.2,0.3
132.372,8.8629,7021,194.2,0.34,120,0.51
132.6643,7.8608,7044,414.548,2.968,55.96,0.39
133.2718,54.9583,7054,71.7,0.396,30.4,0.69
133.9681,70.8055,7067,680,5.73,53,0.83
133.733,26.2203,7082,45,0.335,40.6,0.46
133.4643,-47.5135,,7.24,0.104,33.2,0.2
134.8296,48.0468,7114,817.91,9.092,57.8,0.79
134.8296,48.0468,7114,39.69,0.68,108,0.32
135.189,41.794,,21.85,0.619,134.8,0.15
135.1354,32.4106,7124,255.9,0.42,121.7,0.28
135.0193,-12.4564,7131,112.57,0.3,33.3,0.266
135.9078,47.1559,7158,70.1,0.27,105.8,0.04
137.5984,67.1294,7203,1067.1,6.2,146.2,0.814
137.4989,-28.757,7223,64,0.289,124.5,0.51
139.529,77.2525,,70,0.58,134.5,0.44
139.529,77.2525,,72,0.6,135.1,0.45
138.0831,14.9902,,2.65,0.126,124.7,0.31
138.7251,52.7039,7251,975,16.725,21,0.28
139.4825,28.5814,7284,34.2,0.66,77,0.35
139.6463,20.8135,7294,174,0.375,142,0.24
140.2427,38.1935,7307,389.05,1.516,15.8,0.291
139.3321,-68.688,,3.2,0.124,123.6,0.51
140.7202,-9.8439,7334* ,25.4,0.28,75,0.962
141.1234,18.1375,7341,243.41,0.35,0,0
141.5248,28.6519,7365,116.5,0.28,130.7,0.29
142.1125,9.0646,7390,116.85,0.875,64.5,0.56
142.1125,9.0646,7390,118.227,0.88,66.05,0.557
142.8253,-13.4902,,18.3,0.551,140,0.28
142.6917,-40.4734,,33.99,0.795,58.5,0.44
144.4232,15.451,7460,108,0.23,46.5,0.24
145.1716,-57.9883,,10.72,0.142,130,0.34
146.0412,-27.7755,,18.32,0.134,124,0.445
147.8066,36.4827,7541,117,0.19,62.9,0.89
148.0258,54.0654,7545,105.5,0.36,28,0.46
148.1394,-8.1031,7555,77.55,0.383,145.1,0.691
151.0842,-28.3848,7629,315,0.813,141,0.7
152.7212,75.127,,200,2.02,58.3,0.945
151.5403,-47.3706,,232,0.64,35.7,0.72
152.33,20.3267,7662,64.7,0.24,115.8,0.949
153.0329,21.3068,7677,97.5,0.222,24,0.22
153.2902,27.4224,7685,157.5,0.845,124.7,0.949
154.0618,17.7355,7704,552,1.299,131,0.817
154.0695,-28.9817,7706,89.6,0.295,118.2,0.75
154.0075,-59.8988,,124,0.435,53.5,0.12
154.7982,20.5657,7721,460,1.475,128.8,0
154.9941,19.8482,7724,618.56,2.505,36.37,0.843
155.6964,15.3452,7744,306.5,1.74,147,0.535
156.2626,24.6264,7758,1280.68,2.1,107.7,0.28
156.7269,17.2244,7775,139.6,0.424,53.5,0.965
156.9745,36.707,7780,37.92,0.34,77,0.748
157.0494,-25.8106,7787,51.8,0.2,68.9,0.141
159.0291,-26.6679,7846,210.1,0.982,126.1,0.8
159.2502,-8.8352,7854,283.11,1.317,35.22,0.304
159.3325,-48.2192,,16.3,0.34,129.4,0.73
159.9374,8.8458,7871,232,0.549,136,0.041
160.6685,3.5767,7896,84.4,0.378,143,0.55
161.6977,-49.4271,,116.24,1.437,63.15,0.79
163.783,47.2507,,6.7,0.03,59.1,0.22
163.9336,0.7333,7982,128.34,0.823,119.6,0.68
164.6292,17.1982,7997,120.5,0.33,154.7,0.59
165.9489,61.7451,8035,44.4,0.603,152,0.4
165.8832,54.5285,8032,144.8,0.745,150.4,0.7
166.1712,-4.2225,8048,23.71,0.24,47,0.05
166.4033,54.8106,8050,105,0.205,143.5,0.45
166.3358,-27.2897,,7.4,0.14,94.7,0.285
168.1161,-18.4937,8086,233,0.383,115.5,0.64
168.4049,55.4227,8092,116,0.332,118.6,0.6
168.4049,55.4227,8092,103.8,0.32,122.5,0.57
169.5475,31.5537,8119,59.84,2.53,122.65,0.414
169.5475,31.5537,8119,1.832,0.055,86.3,0.56
169.7581,14.2699,8128,1148,4.59,80.07,0.45
170.2422,-54.4979,,39.18,0.277,59.6,0.86
170.7632,4.1347,8145,57,0.129,40,0.68
170.7632,4.1347,8145,97.54,0.16,57.5,0.31
170.9737,10.5344,8148,192,1.92,130.5,0.55
171.2151,-61.6495,,421.5,5.76,48.5,0.68
171.8073,-15.6503,8166,48.5,0.45,159,0.1
172.6993,41.2819,8189,86.44,0.41,56.7,0.37
173.0909,61.0815,8197,72.87,0.813,47.7,0.398
174.2175,-12.3534,8239,297.5,0.875,48.6,0.542
177.1646,14.2775,8311,122,0.68,148.3,0.67
178.0097,48.0938,8325,107.18,0.64,99.2,0.63
178.2995,-15.6731,8332,174.9,0.29,136.4,0.36
178.4321,73.7603,8337,77.15,0.388,33.7,0.477
178.5209,71.927,8344,78.6,0.291,109,0.11
180.4546,-34.6569,,437.095,1.171,121.56,0.503
180.9079,-39.0069,,109.2,0.67,150,0.58
181.5085,68.6933,8419,115.46,0.305,135.8,0.6
182.7137,39.8936,8446,326.773,0.774,155.46,0.728
183.8493,-31.0894,,63.3,0.692,52,0.18
184.0024,5.6441,8486,875,2.93,15,0.88
183.9939,48.1108,8485,170,0.28,129,0.3
186.1051,25.5791,8539,678,1.3,161,0.946
186.7999,27.0298,8553,2200,4.483,129.3,0.48
186.8634,-28.7203,8555,46.5,0.156,29,0.91
187.2909,31.397,8569,600,0.61,37.3,0.84
187.5213,-13.3862,8573,161.53,1.385,18.76,0.728
188.3686,9.0149,,16.2,0.76,103,0.28
189.9233,-37.283,,52.66,0.338,30.1,0.36
190.3875,-48.9656,,84.5,0.93,112.9,0.79
190.4328,-1.4487,8630,171.37,3.746,146.05,0.881
190.5327,26.3515,8635,62.13,0.41,30.3,0.25
190.5327,26.3515,8635,62.5,0.39,30,0.25
191.5873,-68.097,,383.12,1.735,61.3,0.526
192.6866,20.5388,8680,124.1,0.635,56,0.42
193.3325,21.2402,8695,510,1.42,35,0.15
194.1719,-47.6916,,294,0.695,42.6,0.872
193.8485,69.8917,8705,58,0.22,146.3,0.62
195.1672,56.3613,8739,109.97,1.27,51.55,0.434
195.1672,56.3613,8739,106.7,1.281,51,0.421
196.1151,-13.2534,8762,108.11,0.34,110.78,0.898
197.2922,21.45,8799,218.2,0.57,127,0.37
197.5039,17.5172,8804,25.87,0.662,89.92,0.5
198.0634,-59.9151,,27,0.185,68.3,0.32
197.9123,-26.5486,,19,0.118,148.9,0.93
199.2267,-34.5947,,64.72,0.252,180,0
199.9253,47.7748,8862,48.85,1.465,94.1,0.225
200.9324,-0.7223,8884,133.83,0.36,104.5,0
200.8965,29.2278,8887,229,2.14,78.4,0.835
200.9757,54.9284,8891,0.056,0.012,60,0.53
201.4587,44.4966,8901,43.9,0.33,24,0.51
202.7508,-39.3996,,78.7,0.165,152.9,0.46
203.0011,31.152,,20,0.26,144.1,0.65
203.2049,34.9028,8939,54.8,0.18,68.6,0.8
203.4061,29.7368,8943,316.62,0.388,24.5,0.227
203.5811,-0.3128,8949,334,2.35,58,0.24
203.6809,-13.2125,8954,197.7,0.563,70.5,0.93
204.2879,-61.6943,,34.969,0.463,117.82,0.777
204.3642,36.2906,8974,240,1.091,144.02,0.83
204.3642,36.2906,8974,220.4,1.205,132.6,0.856
204.8864,10.7424,8987,22.33,0.217,42.9,0.52
204.8864,10.7424,8987,22.35,0.208,47.8,0.527
206.533,5.1158,9019,312.5,1.091,43.7,0.63
207.2771,26.9859,9031,155,2.423,46.8,0.443
208.3896,-35.6599,,257.7,1.268,72.3,0.71
208.7418,-8.058,9053,2613,4.998,50.9,0.35
209.2932,-27.5224,9064,458.3,0.649,180,0
209.5942,2.2294,9073,90.46,0.188,124.92,0.461
209.408,51.9961,9071,1047.2,2.35,138.32,0.898
210.4936,57.2182,9089,333.3,0.518,39.3,0.34
210.9377,8.486,9094,38.74,0.19,13,0.43
210.9377,8.486,9094,38.65,0.194,15,0.43
212.1845,33.676,9126,305.56,0.564,119.92,0.066
213.0622,44.1808,9159,215,0.357,134,0.24
213.3623,12.5817,9165,210,0.582,117.2,0.62
213.2653,55.3322,9167,813,2.275,11.2,0
213.8379,3.1341,9182,213.44,1.1,148,0.24
213.9925,-7.0653,9186,148.2,0.4,46,0.6
213.949,10.3015,9185,36,0.28,124.4,0.9
213.949,10.3015,9185,73,0.3,110,0.06
214.1249,33.5362,9195,38.9,0.16,24.8,0.62
214.4691,69.2398,9220,225,0.35,142.6,0.35
215.0704,48.5084,9229,321,0.898,76.9,0.88
215.8569,8.4452,9247,39.5,0.228,37.5,0.254
216.6828,16.4167,9264,42,0.19,125,0.35
217.3843,36.2046,9285,135.67,0.355,123.46,0.89
217.7637,-5.8108,,45.4,0.321,55,0.025
217.7637,-5.8108,,22.4,0.272,50.5,0.75
218.0838,26.6751,9301,30,0.21,148,0.15
220.1057,-60.8486,,79.92,17.515,79.24,0.516
219.2375,48.216,9324,322.6,0.704,134,0.46
220.2926,13.7216,9343,123.44,0.595,142,0.957
220.6525,19.4906,9352,52,0.63,120,0.1
220.6525,19.4906,9352,51.337,0.624,120.57,0.09
221.5454,-21.1713,,25.95,0.297,56.07,0.045
221.5673,9.6628,9380,225.97,0.987,121.02,0.675
221.3708,42.3791,9378,88.4,0.325,172.9,0.53
222.216,5.9502,9392,227.9,0.835,107.4,0.623
222.3127,10.2176,9397,9.85,0.17,50.9,0.673
222.3127,10.2176,9397,9.92,0.165,57,0.61
222.3127,10.2176,9397,19.8,0.155,36,0.05
222.7604,-37.0973,,2507.26,2.657,166.66,0.933
223.5844,-66.4105,,288,1.386,119.4,0.3
222.8496,19.1047,9413,151.505,4.904,140.04,0.512
222.8537,44.9222,9418,400,0.934,64.4,0.25
223.3481,15.7079,9425,215.4,1.09,112.5,0.6
224.1431,-34.6382,,40,0.256,126.2,0.865
223.9362,39.6458,9441,180,0.23,11.9,0.37
224.6565,-27.6512,9453,339.3,0.93,73.04,0
226.0643,-15.4912,,41,0.24,129,0.19
225.9667,47.6601,9494,225,3.772,83.9,0.43
226.7956,-2.2858,9504,61.19,0.2,110.1,0.65
226.7956,-2.2858,9504,60.7,0.21,109,0.61
227.2102,-45.2843,,72.88,0.422,79.56,0.825
226.8451,18.4484,9505,8,0.1,122.6,0.45
228.0517,-19.7941,9532,23.42,0.116,162,0.3
229.0152,-4.9034,9557,156.4,0.37,98.7,0.4
229.5665,26.835,9578,203,1.216,58.2,0.652
230.8434,-59.3258,,778.54,2.384,107.63,0.62
230.8434,-59.3258,,269.9,2.485,100.07,0.854
231.2881,-46.9882,,187.233,0.41,55.05,0.304
230.8038,30.2943,9617,41.623,0.907,59.02,0.276
231.5617,-28.3186,,141.712,0.418,135.28,0.381
231.1252,37.347,9626,260.1,1.463,135.4,0.59
231.8303,9.7013,9643,50,0.189,69.7,0.8
231.8413,17.635,9645,59,0.206,59.9,0.9
232.0579,2.8528,9654,111,0.218,69.5,0.21
233.2807,-24.4887,9689,57.32,0.245,25.28,0.62
233.1955,19.7454,9692,102.55,0.3,62.8,0.36
233.7923,-41.1688,,147,0.59,95.6,0.49
233.6968,10.5323,9701,3168,5.843,112.6,0.31
234.0303,39.8028,9716,55.88,0.785,62.6,0.591
234.256,64.4401,9730,135,0.386,127,0.24
235.5009,0.4628,9747,56.1,0.19,45.6,0.77
235.5009,0.4628,9747,55.2,0.135,0,0.7
235.3916,19.6793,9744,11.07,0.117,69.1,0.8
235.3916,19.6793,9744,22.14,0.21,84.3,0
235.7034,26.2987,9757,91,0.74,96,0.42
235.3355,59.9814,9756,325,0.82,71.3,0.78
234.9164,79.9687,9769,187.58,0.436,118.53,0.87
234.9164,79.9687,9769,150.75,0.349,139.6,0.903
237.3234,60.5309,9806,140,0.269,39,0.44
238.5353,16.988,9831,256.96,0.3,50.2,0.14
238.9178,-26.7438,9836,183,0.551,57.5,0.24
238.9728,-2.1924,9842,2331.2,6.953,31.68,0.38
240.8911,-57.7796,,26.93,0.366,161.5,0.52
241.1021,-11.3749,9909,45.69,0.72,36.9,0.74
241.4177,-32.8565,,134,0.82,143.5,0.15
242.1168,-10.0996,9932,55,0.51,84.9,0.88
244.255,-53.7005,,115.7,0.458,36.9,0.34
243.4281,46.631,9975,108.99,0.654,99.54,0.888
243.6708,33.8656,9979,1000,6.599,33.33,0.78
243.9904,7.3672,9982,473.5,2.457,133.1,0.82
244.2195,1.1856,9989,224.31,0.429,27.72,0.08
244.9511,26.7764,10007,44,0.113,130,0.64
245.5984,-32.3371,,106,0.578,117,0.2
245.3159,22.9961,10017,141.44,0.491,136.36,0.43
246.3391,-49.1485,,311.2,1.659,180,0
247.3588,-26.4379,10074,878,2.9,90,0.1
247.2347,18.3962,10075,236.07,2.234,107.94,0.767
247.7372,1.9834,10087,129.87,0.97,26.8,0.618
247.5102,33.8828,10085,89.11,0.16,62,0.68
247.9434,-7.0485,10092,365,0.465,130,0.58
247.9503,-2.2649,10095,107,0.247,117.5,0.14
249.1607,69.7692,10140,202.14,0.35,118.6,0.484
250.3266,30.1081,10158,140.7,0.46,148.5,0.54
250.3332,31.5916,10157,34.487,1.355,132.9,0.46
251.4371,-0.7665,10196,62.07,0.23,101,0.07
251.4371,-0.7665,10196,30.8,0.113,124,0.86
250.9812,43.4817,10188,121.13,0.932,119.92,0.423
252.3065,45.9774,10227,56.75,0.267,46.32,0.22
252.7922,9.4131,10229,1080,1.25,105.9,0.35
252.9646,28.6656,10235,261.82,1.012,27.06,0.56
253.883,-8.3109,,1.715,0.218,166,0.05
254.7171,-37.6214,,37.9,0.181,32.5,0.12
254.1489,57.1792,10276,84.8,0.26,147,0.65
254.1022,65.0302,10279,577.85,1.183,96.85,0.324
256.6492,0.6487,10341,298,1.134,43.48,0.023
257.0655,-1.0807,10355,137,0.415,130.2,0.27
256.3473,54.4661,10345,672,3.945,144.7,0.45
256.3473,54.4661,10345,472.07,3.143,147.91,0.33
255.9072,69.7987,10340,155,0.403,105.7,0.12
257.0124,35.9373,10360,8.159,0.116,126,0.38
257.0124,35.9373,10360,16.08,0.167,109.7,0.144
257.583,-15.7265,10374,88,0.86,100.4,0.84
257.583,-15.7265,10374,84.31,1.057,97.3,0.89
258.022,45.7144,,12.98,0.71,153.9,0.73
258.4111,17.2662,10403,87.7,0.26,58.2,0.53
258.8527,-26.5651,10417,548.7,13.91,99.18,0.9
258.6656,14.3851,10418,3600,4.68,155.8,0
258.9044,-10.2971,10421,106,0.351,98.7,0.58
258.9247,-9.8135,10423,157,0.365,140,0.35
259.7334,-46.6415,,693.24,10.415,35.64,0.779
259.7334,-46.6415,,2204.982,23.9,44.88,0.901
259.6876,-34.991,,42.09,1.82,128.2,0.574
258.5167,56.1369,10425,90.2,0.275,59,0.62
259.4425,11.6757,,10,0.056,120,0.2
260.1736,-7.1015,10480,86.5,0.304,112,0.13
260.9959,-9.3604,,29.7,0.224,53.5,0.05
261.2742,34.7279,10542,110,0.404,115,0.83
262.0664,-20.9674,10561,45,0.205,35,0.54
262.7022,-37.4289,,85.15,0.249,49.5,0.2
262.5908,-1.0614,10598,46.4,1.017,99.16,0.174
262.3448,29.4045,10585,60,0.6,81.3,0.18
263.1017,28.8118,10621,64.82,0.18,106.4,0.3
263.1473,34.7459,10624,23.7,0.163,66.5,0.38
263.7323,12.567,,8.5,0.065,103,0.4
266.0821,-72.2193,,101.3,0.653,159,0.25
264.2876,27.8898,,24,0.273,159.1,0.21
264.8619,-15.7568,10683,144.4,0.513,73.3,0.76
263.7437,61.8882,10660,76,1.52,105.7,0.16
264.9868,-0.6382,10696,152.8,0.248,151.8,0.78
265.4971,15.9509,10723,122.68,1.004,137.39,0.4
266.7913,-38.1062,,34,0.157,55.65,0.62
266.6134,27.7457,10786,43.2,1.36,66.2,0.178
267.6351,7.2378,10828,500,0.622,119,0.55
268.3413,-34.7242,,160.759,0.37,61.11,0.607
268.3214,24.9954,10871,37.4,0.27,72,0.46
269.3731,10.9549,10916,400,0.5,43.5,0.8
269.6125,4.4569,,14.61,0.17,87,0.66
269.7765,32.4767,10954,131,0.223,34.5,0.45
270.761,-8.1825,11005,280.03,1.494,59.32,0.718
270.6388,44.236,11010,336.55,0.981,129.96,0.41
271.708,-43.4255,,191.23,1.062,145.18,0.522
271.3562,2.5404,11046,88.13,4.545,121.15,0.5
271.4623,21.4424,11060,20.081,0.253,77,0.956
271.5648,38.3945,11071,101.5,0.287,78.6,0.42
271.7523,30.5624,11077,55.8,1,32,0.74
271.8821,19.663,11080,271,0.302,141.8,0.44
272.308,-22.1849,,9.48,0.168,61.1,0.4
272.3921,4.0006,11111,270,1.16,103,0.57
272.3921,4.0006,11111,425.4,1.55,102.22,0.701
272.5415,16.4693,11123,3040,1.5,142.3,0.24
268.2433,83.9021,11006,180,0.505,75.5,0.8
273.6293,0.1791,11186,278,0.67,102.7,0.946
274.4479,43.8396,11247,249.83,0.26,180,0
274.9305,10.2755,11260,118.42,0.45,127.1,0.06
275.7329,14.9668,11300,60,0.222,84,0.54
276.2465,-1.579,11324,240,0.59,93.3,0.34
276.2442,27.3891,11334,775,0.9,115.9,0.3
275.1922,71.3355,11311,271.7,0.392,118.96,0.44
275.2253,72.7365,,0.768,0.124,79.9,0.452
278.9919,11.7314,11484,324.5,0.464,121.82,0.22
278.8907,23.5977,11479,210.9,0.416,118.69,0.821
278.8907,23.5977,11479,190.8,0.418,119.34,0.818
278.9631,16.9814,11483,292,1.358,134.23,0.48
278.4927,52.3462,11468,169.5,0.243,48.6,0.33
278.4927,52.3462,11468,184.6,0.255,45,0.4
279.6121,-3.1966,11520,12.18,0.196,117.45,0.26
279.5958,8.8371,11524,485.3,0.34,150.6,0.715
279.6681,16.5382,11530,112.5,0.28,23,0.65
280.864,-55.7717,,47.7,0.268,106,0.18
280.2526,24.8275,11574,52,0.168,120.5,0.57
280.311,30.2951,11579,90,0.25,116.5,0.9
279.6076,67.1264,11568,137,0.587,85.5,0.695
280.9436,31.6846,11623,90,0.43,49.2,0.8
281.5645,-27.3458,11643,104.6,0.398,129.8,0.615
281.0779,39.6697,11635,1165.6,2.78,138,0.19
281.0779,39.6697,11635,585,2.95,120.5,0.49
280.7755,59.5858,11632,453,15.66,69.3,0.53
279.355,77.6797,11584,251.48,0.38,65.5,0.48
279.355,77.6797,11584,434.62,0.54,73.4,0
281.6495,38.3584,11680,14.67,0.21,140.1,0.53
281.5552,64.1941,11692,121.3,0.42,67.8,0.32
283.4342,-5.5436,11791,239,0.55,27,0.46
283.9489,3.445,11842,225,0.35,138,0.2
285.873,-68.7602,,13.58,0.131,158.8,0.38
284.257,32.8994,11871,61.203,1.24,115.16,0.249
284.3618,58.2195,11897,259.07,0.601,127.18,0.895
285.641,-29.874,11950,21.138,0.532,110.6,0.205
286.0031,-38.0711,,46.4,0.2,42,0.42
286.0936,-21.5359,11989,241.3,0.97,132.8,0.33
286.6116,-37.0487,,120.42,1.907,149,0.313
285.5386,52.2631,11979,138,0.195,124.5,0.25
285.9619,26.6984,11998,86.68,0.168,152.2,0.676
286.3725,33.8693,12033,92.3,0.34,124.2,0.83
286.5425,30.4374,12040,687,1.25,55.8,0.25
287.751,-7.4198,12126,120,0.256,126.7,0.69
288.1032,-33.0678,,131.2,0.454,43.1,0.54
288.0298,2.8999,,2.3,0.031,120,0
289.3132,-66.6607,,157,0.56,47,0.58
287.7801,38.7828,12145,63.1,0.37,110.3,0.46
287.6386,54.4829,12144,127.3,0.24,50.1,0.41
288.8816,-25.2602,12214,18.75,0.153,83.3,0.468
289.1778,-45.8755,,7.61,0.234,130,0.31
288.5737,19.0723,12201,2316,2.041,58.7,0.33
289.7527,-33.2692,,60,0.51,92.15,0.78
291.3197,-24.5044,,10.8,0.123,90,0
291.3785,3.114,,3.422,0.058,142,0.4
291.6388,27.3174,12447,850,1.772,155.5,0.956
292.0435,-12.1473,12469,172,1.07,36,0.48
292.3932,12.4069,12515,240,0.233,180,0
292.9167,17.7952,12557,730,1.88,0,0
292.5514,56.6446,12552,125,0.172,110,0.25
292.6994,63.6138,12577,182.47,0.237,37.69,0.36
293.7599,23.4696,12631,182.58,0.241,51.13,0.41
293.7599,23.4696,12631,239.04,0.21,0,0
293.9373,23.2712,12648,163.1,0.255,122.4,0.23
293.7609,50.6214,12656,97.4,0.275,0,0.55
294.8494,22.2626,12752,342.5,0.54,128.1,0.29
294.8376,30.1462,,1.188,0.026,79,0.516
297.2936,-61.8209,,61.448,0.302,154.64,0.671
297.383,-55.4192,,275,0.95,129,0.4
296.7787,-8.155,12911,192,0.268,39,0.64
296.2297,45.126,12880,827.6,3.2,147,0.487
296.3996,33.6101,12889,224.68,2.048,152.71,0.762
296.8477,-1.8041,12924,65.3,0.167,127.6,0.61
296.8477,-1.8041,12924,111.2,0.218,120.4,0.15
297.173,15.066,12961,89.8,0.225,172.9,0.07
297.2345,19.1334,12973,22.8,0.146,135,0.85
297.1801,35.317,12972,157.21,0.607,135,0.08
297.1801,35.317,12972,156.52,0.624,131.4,0.08
298.7437,41.8642,13125,25.69,0.285,39.2,0.52
298.7328,50.8148,13135,112.5,0.17,49.8,0.16
299.3375,5.2176,13156,146.67,0.205,128.9,0.08
299.515,4.9358,13169,122,0.36,41.5,0.18
300.2948,-38.5928,,474.7,1.131,36.9,0.76
300.3654,10.7432,13256,2356,3.822,81.5,0.67
302.5538,43.9462,13461,86.16,0.455,116.7,0.48
305.0502,-34.5866,,18.6,0.152,99.8,0.71
304.5495,29.2117,13665,252,1.225,99,0.87
305.3094,2.8502,13738,230.4,0.88,129.7,0.756
304.969,45.3659,13723,113.5,0.336,128.7,0.85
305.0566,39.3996,13728,90,0.214,45.6,0.92
305.2577,44.6015,13744,190,0.736,65.5,0.55
305.7839,20.8712,13777,207.517,0.27,47.05,0.479
306.7279,-37.4067,,232.76,1.225,133.4,0.733
306.2684,59.594,13850,83.72,0.172,136.5,0.77
307.2761,7.1658,13894,178,0.466,25,0.26
307.4562,9.684,,1.5,0.029,137,0.5
307.7818,15.8034,13944,48.25,0.166,114.7,0.47
308.1393,-16.6115,13961,42.5,0.231,115,0.93
308.2228,13.94,13987,105,0.426,151,0.2
309.3693,14.5988,14073,26.6,0.48,62.2,0.35
309.3693,14.5988,14073,26.65,0.475,63.6,0.35
309.8227,-14.9486,14099,200,0.31,75,0.57
309.8948,4.9692,,39.4,0.8,85.4,0.12
310.4551,-32.4278,,239.57,6.95,107.21,0.83
310.4551,-32.4278,,675,6.4,130.7,0.6
309.305,75.5875,,30.45,0.51,29.2,0.595
311.2619,12.7296,14238,118.6,0.54,59.7,0.94
311.5626,15.8985,14270,2851,7.364,66,0.18
311.6609,16.1326,14279,3249,13.813,119.2,0.88
311.8489,36.4846,14296,391.3,0.777,133.8,0.45
312.3485,11.4041,14333,114.28,0.73,117.5,0.17
312.6843,-31.2613,,66.7,0.235,37,0.25
312.8479,-5.626,14360,187,0.855,68.3,0.47
313.1837,46.1113,14396,30,0.246,118.3,0.89
313.766,28.0981,14424,102,0.407,67.2,0.27
313.4262,59.314,14412,56.1,0.15,143,0.54
313.4262,59.314,14412,58.8,0.19,134,0.51
314.7762,-13.2125,14492,200,0.236,26,0
314.7772,4.3046,14499,101.4,0.656,92.8,0.702
315.0047,7.5229,,52.5,0.27,127.1,0.22
314.9992,40.0738,,28.25,0.73,33,0.55
315.7718,1.528,14573,3055,3.74,136.09,0.58
316.1832,3.5309,14602,180.7,0.94,71.1,0.63
316.5743,38.6511,14636,722,24.65,51.85,0.401
316.9976,5.1531,14666,177,0.303,126.2,0.59
318.13,28.3445,14748,273.8,0.416,63.9,0.28
318.3599,7.2122,14759,113,0.348,115.2,0.83
318.9337,-53.2692,,17,0.11,144,0.63
318.3752,15.9791,14761,34.44,0.227,69,0.63
318.6627,-0.836,14775,78.35,0.166,133.8,0.173
318.6165,10.0139,14773,5.7,0.26,100,0.42
318.6927,38.0317,14787,49.8,0.85,134.5,0.24
318.6927,38.0317,14787,49.9,0.88,134.2,0.25
318.4377,64.415,14783,84.4,0.61,82.4,0.85
319.6576,11.5706,14839,76.1,0.52,99.8,0.88
320.3416,10.3416,14893,6.05,0.102,132,0.91
321.0842,3.7127,14942,103.7,0.29,137.1,0.6
320.5749,57.5612,14926,156.5,0.73,48.6,0.62
321.8289,-32.3001,,117,0.176,35,0.26
325.3714,-77.3828,,2.84,0.052,65,0.25
323.8561,24.4464,15115,173.9,0.293,60.5,0.29
324.4853,27.7168,,85,0.436,157,0.3
324.8824,-0.0481,15176,48.7,0.423,55.2,0.86
324.8689,30.1523,15182,198.8,0.283,133,0.24
325.5741,5.9059,15236,77.84,0.26,63.2,0.73
325.6055,41.0734,,27.2,0.16,155,0.33
325.631,41.0402,15251,109.1,0.25,102,0.8
325.9655,27.8417,15267,80.5,0.303,144.8,0.295
326.6554,-57.6729,,6.25,0.205,130.9,0.551
326.6554,-57.6729,,12.48,0.315,117,0.024
326.0345,28.7421,15270,507.5,4.278,76.5,0.58
326.1564,25.6427,15281,11.558,0.255,108.4,0.288
326.4665,11.8775,15300,43.4,0.14,150.3,0.39
327.5376,17.3,,29,0.396,71.7,0.24
327.7642,29.1681,15378,21,0.16,24.5,0.41
328.7906,-61.8784,,27.5,0.24,81.4,0.59
328.4405,-20.0124,15419,105.88,0.32,126.2,0.3
327.7639,66.8361,15398,104,0.284,48,0.49
328.8758,10.8903,15447,163.64,0.77,60.6,0.62
329.4735,-54.9912,,6.094,0.127,63.08,0.81
329.4735,-54.9912,,12.242,0.16,73.24,0.1
329.9316,49.1295,15530,87,0.14,23.5,0.54
331.276,29.869,15610,171,0.334,121,0.1
330.9357,64.6183,15600,3800,11.5,109,0.24
330.9357,64.6183,15600,2.254,0.073,71.9,0.589
331.879,25.6384,15650,150.7,0.35,75,0.91
334.6408,-60.2504,,11.5,0.049,113,0.38
336.0266,-4.8438,15902,190,0.49,137,0.46
337.207,-0.0224,15971,856,5.055,131.25,0.495
337.207,-0.0224,15971,25.5,0.072,55.62,0.26
337.0339,57.7109,15972,44.6,2.412,164.5,0.41
337.4899,4.4287,15988,140,0.75,89,0.51
337.567,22.4625,15992,304.1,0.36,12.3,0.74
338.1698,53.7817,,46.1,0.48,36,0.63
338.2117,49.3818,16046,62.6,0.21,28,0.62
338.241,69.8992,16057,225.6,0.78,79,0.27
338.9348,53.2011,16098,22.5,0.16,63.5,0.22
339.6237,2.3032,16131,188.6,0.61,133.7,0.29
339.0357,72.8688,16111,52,0.23,66.5,0.8
339.6892,44.3037,16138,30,0.353,90,0.3
339.6892,44.3037,16138,30,0.34,85,0.3
340.0026,1.2045,16157,108,0.403,75.8,0.3
340.1343,6.5883,16165,179.3,0.3,35.9,0.59
340.1938,-3.5449,,28,0.17,80,0.9
340.0575,37.5215,16164,164.48,0.576,77.95,0.71
340.2065,14.5386,16173,20.93,0.3,131.4,0.72
340.4566,21.4228,16185,636,1.46,126.9,0
340.4566,21.4228,16185,82,0.074,42.2,0
340.7469,30.2238,16211,2.23,0.022,77,0.15
341.2653,-2.658,16235,195,0.408,142,0.54
342.1256,31.0948,16278,161.8,0.2,135.3,0.15
342.4941,-32.8043,,26.9,0.212,148.3,0.54
342.8476,26.397,16314,243.26,0.422,127.1,0.45
343.0185,57.731,16326,98.25,1.096,103.2,0.835
343.4197,44.7487,16345,104.5,0.647,43,0.54
343.4197,44.7487,16345,102.27,0.68,47.1,0.53
343.7957,-5.0004,16365,120,0.47,85,0.68
343.7554,51.5331,16368,105.52,0.19,122.1,0.54
343.9365,15.7834,16373,191.3,0.678,121,0
344.6394,-45.5149,,44.6,0.351,62.7,0.39
344.0572,72.8343,16393,128.57,0.24,128.7,0.64
344.6313,9.3686,16417,26.5,0.39,90,0.55
344.8001,11.7357,16428,270.13,0.815,42.58,0.305
344.8001,11.7357,16428,286,0.88,44.6,0.33
345.583,18.6044,16463,135.56,0.323,21.8,0.54
345.6495,42.7547,16467,76.6,0.277,48.9,0.62
346.3002,-7.6938,16497,21.84,0.2,44.7,0.356
346.3002,-7.6938,16497,22,0.2,42.8,0.35
347.2065,10.9583,16539,72,0.26,143.9,0.28
346.9693,75.3916,16538,150,0.86,37.6,0.6
347.8602,38.2098,16576,166.748,0.345,110.14,0.38
348.1508,2.6937,16591,29.5,0.2,112.3,0.4
349.2834,-13.8207,16644,90,0.48,90,0.64
349.1064,64.1124,16638,516.82,0.43,122.67,0.365
349.4093,-1.5205,16649,388.35,1.99,108.1,0.49
349.3955,18.3129,16650,172,0.38,141,0.25
349.7214,5.4135,16665,91.8,0.768,30.7,0.77
349.6482,68.1135,16666,796.16,2.991,58.24,0.171
350.4528,-12.2852,16700,173,0.47,137.5,0.45
350.6573,-15.0516,16708,63.16,0.42,78,0.12
352.6101,30.8347,16800,48.76,0.198,132.4,0.43
352.9292,19.9185,,177.9,3.94,148.92,0.18
353.0471,7.0853,16819,30.532,0.203,43,0.254
353.0471,7.0853,16819,31,0.204,38.4,0.25
353.4892,31.3358,16836,241.2,0.447,35.6,0.28
353.9153,-27.4803,16850,76.1,0.577,51.5,0.53
354.348,7.6202,16873,182.56,0.3,0,0
354.3721,44.4368,16877,351.22,0.41,40.3,0.39
354.449,66.0203,16880,187.21,0.29,37.18,0.336
354.5472,55.237,16886,116,0.27,118,0.4
354.8238,45.7206,16904,292,0.232,180,0
355.0186,12.9708,16914,343.31,0.859,24.7,0.458
355.2773,46.2211,,20,0.157,55.4,0.3
355.7712,11.8382,16951,408.81,0.75,49.2,0
357.1604,64.8891,17020,565.77,0.74,52.5,0
357.4649,27.6726,17030,113,0.22,70,0.32
357.6433,-51.7105,,135,0.84,164.5,0.24
357.934,-6.6104,17052,29.5,0.18,148,0.35
359.0486,25.3399,17105,220,0.293,151,0
359.2048,4.7234,17111,83,0.34,134,0.87
359.876,33.7234,17149,355,3.125,65,0.56
0.3536,39.6401,17178,227,0.85,128.8,0.66
0.5052,27.1068,17175,26.27,0.83,50,0.38
0.6558,-8.4931,4,218,0.379,111.5,0.54
1.1849,38.1735,34,194.7,0.44,18.8,0.49
